fixture,fixture_family,load_case,V_deg,output,candidate,ref,calc,signed_error,rel_error,sign_agreement
tbeam,tbeam,3,2.0,strain_mild,strain_mild:max_tension,5.024,2.4679866372760086,-2.5560133627239914,0.508760621561304,1.0
tbeam,tbeam,3,2.0,strain_mild,strain_mild:max_compression,5.024,-3.2326787767602116,-8.25667877676021,1.643447208750042,0.0
tbeam,tbeam,3,2.0,strain_mild,strain_mild:governing_abs_signed,5.024,-3.2326787767602116,-8.25667877676021,1.643447208750042,0.0
tbeam,tbeam,3,2.0,strain_prestressed,strain_prestressed:max_tension,8.553,3.7601711130768036,-4.792828886923197,0.5603681616886702,1.0
tbeam,tbeam,3,2.0,strain_prestressed,strain_prestressed:max_compression,8.553,3.7313068735185446,-4.821693126481456,0.5637429120170064,1.0
tbeam,tbeam,3,2.0,strain_prestressed,strain_prestressed:governing_abs_signed,8.553,3.7601711130768036,-4.792828886923197,0.5603681616886702,1.0
tbeam,tbeam,3,2.0,compress_force,compress_force:concrete_only,3933.8,1719.8238419335594,-2213.976158066441,0.562808520531405,1.0
tbeam,tbeam,3,2.0,compress_force,compress_force:concrete_plus_comp_rebar,3933.8,2588.1126900832314,-1345.6873099167688,0.34208330619674837,1.0
tbeam,tbeam,3,2.0,compress_force,compress_force:concrete_plus_all_comp_steel,3933.8,2588.1126900832314,-1345.6873099167688,0.34208330619674837,1.0
tbeam,tbeam,3,2.0,compress_force,compress_force:total_compression_abs,3933.8,2588.1126900832314,-1345.6873099167688,0.34208330619674837,1.0
tbeam,tbeam,3,2.0,lever_L,lever:total_comp_to_tension:L,0.7441,0.4970308972125592,-0.24706910278744076,0.33203749870641147,1.0
tbeam,tbeam,3,2.0,lever_L,lever:concrete_comp_to_tension:L,0.7441,0.4693970679028161,-0.2747029320971839,0.3691747508361563,1.0
tbeam,tbeam,3,2.0,lever_L,lever:moment_over_total_compression:L,0.7441,0.40070789935263024,-0.34339210064736975,0.4614864946208436,1.0
tbeam,tbeam,3,2.0,lever_DX,lever:total_comp_to_tension:DX,0.611,0.2675764716111265,-0.34342352838887347,0.5620679679032299,1.0
tbeam,tbeam,3,2.0,lever_DX,lever:concrete_comp_to_tension:DX,0.611,0.26374084872149073,-0.34725915127850926,0.5683455831072165,1.0
tbeam,tbeam,3,2.0,lever_DY,lever:total_comp_to_tension:DY,0.4245,0.4188586212841531,-0.005641378715846912,0.013289466939568697,1.0
tbeam,tbeam,3,2.0,lever_DY,lever:total_comp_to_tension:DY_negated,0.4245,-0.4188586212841531,-0.8433586212841531,1.9867105330604313,0.0
tbeam,tbeam,3,2.0,lever_DY,lever:concrete_comp_to_tension:DY,0.4245,0.3882967577400418,-0.03620324225995819,0.08528443406350575,1.0
tbeam,tbeam,3,2.0,lever_DY,lever:concrete_comp_to_tension:DY_negated,0.4245,-0.3882967577400418,-0.8127967577400418,1.9147155659364943,0.0
tbeam,tbeam,3,5.0,strain_mild,strain_mild:max_tension,7.82,2.2470926971615928,-5.5729073028384075,0.7126479926903334,1.0
tbeam,tbeam,3,5.0,strain_mild,strain_mild:max_compression,7.82,-3.2313312286441462,-11.051331228644147,1.413213712102832,0.0
tbeam,tbeam,3,5.0,strain_mild,strain_mild:governing_abs_signed,7.82,-3.2313312286441462,-11.051331228644147,1.413213712102832,0.0
tbeam,tbeam,3,5.0,strain_prestressed,strain_prestressed:max_tension,10.612,3.8493890790369236,-6.762610920963077,0.6372607351077155,1.0
tbeam,tbeam,3,5.0,strain_prestressed,strain_prestressed:max_compression,10.612,3.7802228319932376,-6.831777168006763,0.6437784741808107,1.0
tbeam,tbeam,3,5.0,strain_prestressed,strain_prestressed:governing_abs_signed,10.612,3.8493890790369236,-6.762610920963077,0.6372607351077155,1.0
tbeam,tbeam,3,5.0,compress_force,compress_force:concrete_only,3775.6,1732.602063054772,-2042.9979369452278,0.5411055029519091,1.0
tbeam,tbeam,3,5.0,compress_force,compress_force:concrete_plus_comp_rebar,3775.6,2581.9610860988646,-1193.6389139011353,0.3161454904918782,1.0
tbeam,tbeam,3,5.0,compress_force,compress_force:concrete_plus_all_comp_steel,3775.6,2581.9610860988646,-1193.6389139011353,0.3161454904918782,1.0
tbeam,tbeam,3,5.0,compress_force,compress_force:total_compression_abs,3775.6,2581.9610860988646,-1193.6389139011353,0.3161454904918782,1.0
tbeam,tbeam,3,5.0,lever_L,lever:total_comp_to_tension:L,0.859,0.5159317468669654,-0.3430682531330346,0.39938096988711824,1.0
tbeam,tbeam,3,5.0,lever_L,lever:concrete_comp_to_tension:L,0.859,0.4858216448116407,-0.3731783551883593,0.4344334751901738,1.0
tbeam,tbeam,3,5.0,lever_L,lever:moment_over_total_compression:L,0.859,0.4143415114963495,-0.4446584885036505,0.517646668805181,1.0
tbeam,tbeam,3,5.0,lever_DX,lever:total_comp_to_tension:DX,0.7476,0.28217576324003557,-0.46542423675996447,0.6225578340823494,1.0
tbeam,tbeam,3,5.0,lever_DX,lever:concrete_comp_to_tension:DX,0.7476,0.27738287340334367,-0.4702171265966564,0.6289688691769079,1.0
tbeam,tbeam,3,5.0,lever_DY,lever:total_comp_to_tension:DY,0.4222,0.4319287048403959,0.009728704840395896,0.02304288214210302,1.0
tbeam,tbeam,3,5.0,lever_DY,lever:total_comp_to_tension:DY_negated,0.4222,-0.4319287048403959,-0.8541287048403959,2.023042882142103,0.0
tbeam,tbeam,3,5.0,lever_DY,lever:concrete_comp_to_tension:DY,0.4222,0.3988501123354394,-0.023349887664560642,0.05530527632534496,1.0
tbeam,tbeam,3,5.0,lever_DY,lever:concrete_comp_to_tension:DY_negated,0.4222,-0.3988501123354394,-0.8210501123354395,1.9446947236746552,0.0
tbeam,tbeam,3,8.0,strain_mild,strain_mild:max_tension,10.324,2.049368920295894,-8.274631079704106,0.8014946803277901,1.0
tbeam,tbeam,3,8.0,strain_mild,strain_mild:max_compression,10.324,-3.2297675744147996,-13.553767574414799,1.3128407181726849,0.0
tbeam,tbeam,3,8.0,strain_mild,strain_mild:governing_abs_signed,10.324,-3.2297675744147996,-13.553767574414799,1.3128407181726849,0.0
tbeam,tbeam,3,8.0,strain_prestressed,strain_prestressed:max_tension,12.465,3.935922398789875,-8.529077601210124,0.6842420859374347,1.0
tbeam,tbeam,3,8.0,strain_prestressed,strain_prestressed:max_compression,12.465,3.829366099883682,-8.635633900116318,0.6927905254806512,1.0
tbeam,tbeam,3,8.0,strain_prestressed,strain_prestressed:governing_abs_signed,12.465,3.935922398789875,-8.529077601210124,0.6842420859374347,1.0
tbeam,tbeam,3,8.0,compress_force,compress_force:concrete_only,3638.1,1744.4793190279534,-1893.6206809720466,0.5204971498782459,1.0
tbeam,tbeam,3,8.0,compress_force,compress_force:concrete_plus_comp_rebar,3638.1,2592.0619715370904,-1046.0380284629096,0.28752316551576634,1.0
tbeam,tbeam,3,8.0,compress_force,compress_force:concrete_plus_all_comp_steel,3638.1,2592.0619715370904,-1046.0380284629096,0.28752316551576634,1.0
tbeam,tbeam,3,8.0,compress_force,compress_force:total_compression_abs,3638.1,2592.0619715370904,-1046.0380284629096,0.28752316551576634,1.0
tbeam,tbeam,3,8.0,lever_L,lever:total_comp_to_tension:L,0.9478,0.5313029300132516,-0.4164970699867484,0.4394356087642418,1.0
tbeam,tbeam,3,8.0,lever_L,lever:concrete_comp_to_tension:L,0.9478,0.5003850721333801,-0.44741492786661985,0.4720562648940914,1.0
tbeam,tbeam,3,8.0,lever_L,lever:moment_over_total_compression:L,0.9478,0.4259538809923334,-0.5218461190076666,0.5505867472121404,1.0
tbeam,tbeam,3,8.0,lever_DX,lever:total_comp_to_tension:DX,0.8627,0.2926434160998399,-0.5700565839001601,0.6607819449404893,1.0
tbeam,tbeam,3,8.0,lever_DX,lever:concrete_comp_to_tension:DX,0.8627,0.28717773472969876,-0.5755222652703013,0.6671174977052292,1.0
tbeam,tbeam,3,8.0,lever_DY,lever:total_comp_to_tension:DY,0.4323,0.44344406011816423,0.011144060118164212,0.025778533699200117,1.0
tbeam,tbeam,3,8.0,lever_DY,lever:total_comp_to_tension:DY_negated,0.4323,-0.44344406011816423,-0.8757440601181643,2.0257785336992002,0.0
tbeam,tbeam,3,8.0,lever_DY,lever:concrete_comp_to_tension:DY,0.4323,0.40977331427198477,-0.02252668572801525,0.052108919102510406,1.0
tbeam,tbeam,3,8.0,lever_DY,lever:concrete_comp_to_tension:DY_negated,0.4323,-0.40977331427198477,-0.8420733142719847,1.9478910808974894,0.0
tbeam,tbeam,4,5.0,strain_mild,strain_mild:max_tension,2.929,1.6517653774902283,-1.2772346225097715,0.4360650810890309,1.0
tbeam,tbeam,4,5.0,strain_mild,strain_mild:max_compression,2.929,-3.2591619715882567,-6.188161971588256,2.112721738336721,0.0
tbeam,tbeam,4,5.0,strain_mild,strain_mild:governing_abs_signed,2.929,-3.2591619715882567,-6.188161971588256,2.112721738336721,0.0
tbeam,tbeam,4,5.0,strain_prestressed,strain_prestressed:max_tension,6.998,3.5024340309750768,-3.4955659690249234,0.4995092839418296,1.0
tbeam,tbeam,4,5.0,strain_prestressed,strain_prestressed:max_compression,6.998,3.4404325468182986,-3.5575674531817016,0.5083691702174481,1.0
tbeam,tbeam,4,5.0,strain_prestressed,strain_prestressed:governing_abs_signed,6.998,3.5024340309750768,-3.4955659690249234,0.4995092839418296,1.0
tbeam,tbeam,4,5.0,compress_force,compress_force:concrete_only,4986.2,2291.2957464623605,-2694.9042535376393,0.5404725549592153,1.0
tbeam,tbeam,4,5.0,compress_force,compress_force:concrete_plus_comp_rebar,4986.2,3354.0139113278997,-1632.1860886721001,0.3273406780057158,1.0
tbeam,tbeam,4,5.0,compress_force,compress_force:concrete_plus_all_comp_steel,4986.2,3354.0139113278997,-1632.1860886721001,0.3273406780057158,1.0
tbeam,tbeam,4,5.0,compress_force,compress_force:total_compression_abs,4986.2,3354.013911327899,-1632.1860886721006,0.3273406780057159,1.0
tbeam,tbeam,4,5.0,lever_L,lever:total_comp_to_tension:L,0.5444,0.43861033543949535,-0.10578966456050465,0.19432341028748099,1.0
tbeam,tbeam,4,5.0,lever_L,lever:concrete_comp_to_tension:L,0.5444,0.41399518381380906,-0.13040481618619093,0.2395386043096821,1.0
tbeam,tbeam,4,5.0,lever_L,lever:moment_over_total_compression:L,0.5444,0.28592096916233034,-0.25847903083766965,0.47479616244979733,1.0
tbeam,tbeam,4,5.0,lever_DX,lever:total_comp_to_tension:DX,0.5244,0.2266923527094832,-0.2977076472905168,0.5677109978842807,1.0
tbeam,tbeam,4,5.0,lever_DX,lever:concrete_comp_to_tension:DX,0.5244,0.22644461348842906,-0.29795538651157094,0.5681834220281673,1.0
tbeam,tbeam,4,5.0,lever_DY,lever:total_comp_to_tension:DY,0.4561,0.37548582340400805,-0.08061417659599196,0.17674671474674844,1.0
tbeam,tbeam,4,5.0,lever_DY,lever:total_comp_to_tension:DY_negated,0.4561,-0.37548582340400805,-0.8315858234040081,1.8232532852532517,0.0
tbeam,tbeam,4,5.0,lever_DY,lever:concrete_comp_to_tension:DY,0.4561,0.3465758924724937,-0.1095241075275063,0.24013178585289693,1.0
tbeam,tbeam,4,5.0,lever_DY,lever:concrete_comp_to_tension:DY_negated,0.4561,-0.3465758924724937,-0.8026758924724937,1.7598682141471031,0.0
tbeam,tbeam,4,10.0,strain_mild,strain_mild:max_tension,9.144,1.3663113046099231,-7.7776886953900775,0.8505783787609446,1.0
tbeam,tbeam,4,10.0,strain_mild,strain_mild:max_compression,9.144,-3.256709680788149,-12.400709680788149,1.3561581015735071,0.0
tbeam,tbeam,4,10.0,strain_mild,strain_mild:governing_abs_signed,9.144,-3.256709680788149,-12.400709680788149,1.3561581015735071,0.0
tbeam,tbeam,4,10.0,strain_prestressed,strain_prestressed:max_tension,11.161,3.6309999813483933,-7.530000018651606,0.6746707301004934,1.0
tbeam,tbeam,4,10.0,strain_prestressed,strain_prestressed:max_compression,11.161,3.5143014153863663,-7.646698584613633,0.6851266539390407,1.0
tbeam,tbeam,4,10.0,strain_prestressed,strain_prestressed:governing_abs_signed,11.161,3.6309999813483933,-7.530000018651606,0.6746707301004934,1.0
tbeam,tbeam,4,10.0,compress_force,compress_force:concrete_only,4506.2,2323.6004780514654,-2182.5995219485344,0.4843547827323542,1.0
tbeam,tbeam,4,10.0,compress_force,compress_force:concrete_plus_comp_rebar,4506.2,3357.3935185591963,-1148.8064814408035,0.25493907981021785,1.0
tbeam,tbeam,4,10.0,compress_force,compress_force:concrete_plus_all_comp_steel,4506.2,3357.3935185591963,-1148.8064814408035,0.25493907981021785,1.0
tbeam,tbeam,4,10.0,compress_force,compress_force:total_compression_abs,4506.2,3357.3935185591963,-1148.8064814408035,0.25493907981021785,1.0
tbeam,tbeam,4,10.0,lever_L,lever:total_comp_to_tension:L,0.7358,0.45830904946283335,-0.27749095053716666,0.37712822850933225,1.0
tbeam,tbeam,4,10.0,lever_L,lever:concrete_comp_to_tension:L,0.7358,0.43123170618291595,-0.30456829381708406,0.41392809706045675,1.0
tbeam,tbeam,4,10.0,lever_L,lever:moment_over_total_compression:L,0.7358,0.2960184322314334,-0.4397815677685666,0.5976917202617105,1.0
tbeam,tbeam,4,10.0,lever_DX,lever:total_comp_to_tension:DX,0.6762,0.24008202891036348,-0.43611797108963657,0.6449541128211129,1.0
tbeam,tbeam,4,10.0,lever_DX,lever:concrete_comp_to_tension:DX,0.6762,0.23884567001835888,-0.43735432998164114,0.6467825051488334,1.0
tbeam,tbeam,4,10.0,lever_DY,lever:total_comp_to_tension:DY,0.4505,0.3903944213405325,-0.06010557865946753,0.13341970845608775,1.0
tbeam,tbeam,4,10.0,lever_DY,lever:total_comp_to_tension:DY_negated,0.4505,-0.3903944213405325,-0.8408944213405325,1.8665802915439123,0.0
tbeam,tbeam,4,10.0,lever_DY,lever:concrete_comp_to_tension:DY,0.4505,0.3590453040089927,-0.0914546959910073,0.20300709431966105,1.0
tbeam,tbeam,4,10.0,lever_DY,lever:concrete_comp_to_tension:DY_negated,0.4505,-0.3590453040089927,-0.8095453040089927,1.7969929056803389,0.0
tbeam,tbeam,4,15.0,strain_mild,strain_mild:max_tension,16.551,1.1306446263698908,-15.420355373630107,0.9316872318065439,1.0
tbeam,tbeam,4,15.0,strain_mild,strain_mild:max_compression,16.551,-3.2533414673667296,-19.80434146736673,1.1965646466900326,0.0
tbeam,tbeam,4,15.0,strain_mild,strain_mild:governing_abs_signed,16.551,-3.2533414673667296,-19.80434146736673,1.1965646466900326,0.0
tbeam,tbeam,4,15.0,strain_prestressed,strain_prestressed:max_tension,16.003,3.762227862615898,-12.240772137384102,0.7649048389292071,1.0
tbeam,tbeam,4,15.0,strain_prestressed,strain_prestressed:max_compression,16.003,3.595427602744644,-12.407572397255356,0.7753279008470509,1.0
tbeam,tbeam,4,15.0,strain_prestressed,strain_prestressed:governing_abs_signed,16.003,3.762227862615898,-12.240772137384102,0.7649048389292071,1.0
tbeam,tbeam,4,15.0,compress_force,compress_force:concrete_only,4126.7,2333.9740710864353,-1792.7259289135645,0.43442119100335974,1.0
tbeam,tbeam,4,15.0,compress_force,compress_force:concrete_plus_comp_rebar,4126.7,3337.4406418499684,-789.2593581500314,0.19125678099935334,1.0
tbeam,tbeam,4,15.0,compress_force,compress_force:concrete_plus_all_comp_steel,4126.7,3337.4406418499684,-789.2593581500314,0.19125678099935334,1.0
tbeam,tbeam,4,15.0,compress_force,compress_force:total_compression_abs,4126.7,3337.4406418499684,-789.2593581500314,0.19125678099935334,1.0
tbeam,tbeam,4,15.0,lever_L,lever:total_comp_to_tension:L,0.8462,0.4854685327682008,-0.36073146723179916,0.4262957542328045,1.0
tbeam,tbeam,4,15.0,lever_L,lever:concrete_comp_to_tension:L,0.8462,0.4568068986083251,-0.3893931013916749,0.46016674709486516,1.0
tbeam,tbeam,4,15.0,lever_L,lever:moment_over_total_compression:L,0.8462,0.30919070325549747,-0.5370092967445025,0.6346127354579325,1.0
tbeam,tbeam,4,15.0,lever_DX,lever:total_comp_to_tension:DX,0.781,0.26729566039400104,-0.513704339605999,0.6577520353469898,1.0
tbeam,tbeam,4,15.0,lever_DX,lever:concrete_comp_to_tension:DX,0.781,0.26614216702206495,-0.5148578329779351,0.6592289794851921,1.0
tbeam,tbeam,4,15.0,lever_DY,lever:total_comp_to_tension:DY,0.444,0.4052563710080873,-0.03874362899191269,0.08726042565746102,1.0
tbeam,tbeam,4,15.0,lever_DY,lever:total_comp_to_tension:DY_negated,0.444,-0.4052563710080873,-0.8492563710080874,1.912739574342539,0.0
tbeam,tbeam,4,15.0,lever_DY,lever:concrete_comp_to_tension:DY,0.444,0.3712692951874096,-0.07273070481259042,0.16380789372205048,1.0
tbeam,tbeam,4,15.0,lever_DY,lever:concrete_comp_to_tension:DY_negated,0.444,-0.3712692951874096,-0.8152692951874096,1.8361921062779496,0.0
snit_a,snit,101,0.0,strain_mild,strain_mild:max_tension,0.0,-0.007182060326653315,-0.007182060326653315,7182060326.653316,
snit_a,snit,101,0.0,strain_mild,strain_mild:max_compression,0.0,-0.007182060326653635,-0.007182060326653635,7182060326.653635,
snit_a,snit,101,0.0,strain_mild,strain_mild:governing_abs_signed,0.0,-0.007182060326653635,-0.007182060326653635,7182060326.653635,
snit_a,snit,101,0.0,strain_prestressed,strain_prestressed:max_tension,-5.8,5.892817939673346,11.692817939673347,2.0160030930471287,0.0
snit_a,snit,101,0.0,strain_prestressed,strain_prestressed:max_compression,-5.8,5.892817939673346,11.692817939673347,2.0160030930471287,0.0
snit_a,snit,101,0.0,strain_prestressed,strain_prestressed:governing_abs_signed,-5.8,5.892817939673346,11.692817939673347,2.0160030930471287,0.0
snit_a,snit,101,0.0,compress_force,compress_force:concrete_only,6016.0,16859.35759714225,10843.35759714225,1.8024198133547624,1.0
snit_a,snit,101,0.0,compress_force,compress_force:concrete_plus_comp_rebar,6016.0,16863.645065031687,10847.645065031687,1.80313249086298,1.0
snit_a,snit,101,0.0,compress_force,compress_force:concrete_plus_all_comp_steel,6016.0,16863.645065031687,10847.645065031687,1.80313249086298,1.0
snit_a,snit,101,0.0,compress_force,compress_force:total_compression_abs,6016.0,16863.645065031684,10847.645065031684,1.8031324908629793,1.0
snit_a,snit,101,90.0,strain_mild,strain_mild:max_tension,-5.5,5.575828819244662,11.075828819244663,2.013787058044484,0.0
snit_a,snit,101,90.0,strain_mild,strain_mild:max_compression,-5.5,-2.996751365663298,2.503248634336702,0.4551361153339458,1.0
snit_a,snit,101,90.0,strain_mild,strain_mild:governing_abs_signed,-5.5,5.575828819244662,11.075828819244663,2.013787058044484,0.0
snit_a,snit,101,90.0,strain_prestressed,strain_prestressed:max_tension,-3.4000000000000004,3.4412040710414527,6.841204071041453,2.0121188444239566,0.0
snit_a,snit,101,90.0,strain_prestressed,strain_prestressed:max_compression,-3.4000000000000004,3.4412040710414527,6.841204071041453,2.0121188444239566,0.0
snit_a,snit,101,90.0,strain_prestressed,strain_prestressed:governing_abs_signed,-3.4000000000000004,3.4412040710414527,6.841204071041453,2.0121188444239566,0.0
snit_a,snit,101,90.0,compress_force,compress_force:concrete_only,6728.8,12339.559897368545,5610.759897368544,0.8338425718357723,1.0
snit_a,snit,101,90.0,compress_force,compress_force:concrete_plus_comp_rebar,6728.8,13047.813840269404,6319.013840269404,0.9390996671426411,1.0
snit_a,snit,101,90.0,compress_force,compress_force:concrete_plus_all_comp_steel,6728.8,13047.813840269404,6319.013840269404,0.9390996671426411,1.0
snit_a,snit,101,90.0,compress_force,compress_force:total_compression_abs,6728.8,13047.813840269402,6319.013840269402,0.9390996671426408,1.0
snit_a,snit,101,90.0,lever_L,lever:total_comp_to_tension:L,0.847,0.04997460566136891,-0.7970253943386311,0.9409981042959045,1.0
snit_a,snit,101,90.0,lever_L,lever:concrete_comp_to_tension:L,0.847,0.04401493052213962,-0.8029850694778604,0.9480343205169545,1.0
snit_a,snit,101,90.0,lever_L,lever:moment_over_total_compression:L,0.847,0.2059063621378057,-0.6410936378621943,0.7568992182552471,1.0
snit_a,snit,101,90.0,lever_DX,lever:total_comp_to_tension:DX,0.0,-8.296159511938419e-17,-8.296159511938419e-17,8.29615951193842e-05,
snit_a,snit,101,90.0,lever_DX,lever:concrete_comp_to_tension:DX,0.0,-8.772334329690054e-17,-8.772334329690054e-17,8.772334329690055e-05,
snit_a,snit,101,90.0,lever_DY,lever:total_comp_to_tension:DY,0.847,0.04997460566136891,-0.7970253943386311,0.9409981042959045,1.0
snit_a,snit,101,90.0,lever_DY,lever:total_comp_to_tension:DY_negated,0.847,-0.04997460566136891,-0.8969746056613689,1.0590018957040954,0.0
snit_a,snit,101,90.0,lever_DY,lever:concrete_comp_to_tension:DY,0.847,0.04401493052213962,-0.8029850694778604,0.9480343205169545,1.0
snit_a,snit,101,90.0,lever_DY,lever:concrete_comp_to_tension:DY_negated,0.847,-0.04401493052213962,-0.8910149305221395,1.0519656794830454,0.0
snit_a,snit,101,180.0,strain_mild,strain_mild:max_tension,0.0,-0.007182060326653315,-0.007182060326653315,7182060326.653316,
snit_a,snit,101,180.0,strain_mild,strain_mild:max_compression,0.0,-0.007182060326653635,-0.007182060326653635,7182060326.653635,
snit_a,snit,101,180.0,strain_mild,strain_mild:governing_abs_signed,0.0,-0.007182060326653635,-0.007182060326653635,7182060326.653635,
snit_a,snit,101,180.0,strain_prestressed,strain_prestressed:max_tension,-5.8,5.892817939673346,11.692817939673347,2.0160030930471287,0.0
snit_a,snit,101,180.0,strain_prestressed,strain_prestressed:max_compression,-5.8,5.892817939673346,11.692817939673347,2.0160030930471287,0.0
snit_a,snit,101,180.0,strain_prestressed,strain_prestressed:governing_abs_signed,-5.8,5.892817939673346,11.692817939673347,2.0160030930471287,0.0
snit_a,snit,101,180.0,compress_force,compress_force:concrete_only,6016.0,16859.35759714225,10843.35759714225,1.8024198133547624,1.0
snit_a,snit,101,180.0,compress_force,compress_force:concrete_plus_comp_rebar,6016.0,16863.645065031687,10847.645065031687,1.80313249086298,1.0
snit_a,snit,101,180.0,compress_force,compress_force:concrete_plus_all_comp_steel,6016.0,16863.645065031687,10847.645065031687,1.80313249086298,1.0
snit_a,snit,101,180.0,compress_force,compress_force:total_compression_abs,6016.0,16863.645065031684,10847.645065031684,1.8031324908629793,1.0
snit_b,snit,102,0.0,strain_mild,strain_mild:max_tension,0.2,-0.166093683424049,-0.366093683424049,1.830468417120245,0.0
snit_b,snit,102,0.0,strain_mild,strain_mild:max_compression,0.2,-0.1660936834240493,-0.3660936834240493,1.8304684171202463,0.0
snit_b,snit,102,0.0,strain_mild,strain_mild:governing_abs_signed,0.2,-0.1660936834240493,-0.3660936834240493,1.8304684171202463,0.0
snit_b,snit,102,0.0,strain_prestressed,strain_prestressed:max_tension,-5.699999999999999,5.7339063165759505,11.43390631657595,2.005948476592272,0.0
snit_b,snit,102,0.0,strain_prestressed,strain_prestressed:max_compression,-5.699999999999999,5.7339063165759505,11.43390631657595,2.005948476592272,0.0
snit_b,snit,102,0.0,strain_prestressed,strain_prestressed:governing_abs_signed,-5.699999999999999,5.7339063165759505,11.43390631657595,2.005948476592272,0.0
snit_b,snit,102,0.0,compress_force,compress_force:concrete_only,7205.8,17662.96382531391,10457.16382531391,1.451214830457952,1.0
snit_b,snit,102,0.0,compress_force,compress_force:concrete_plus_comp_rebar,7205.8,17762.11661740002,10556.316617400022,1.4649749670265648,1.0
snit_b,snit,102,0.0,compress_force,compress_force:concrete_plus_all_comp_steel,7205.8,17762.11661740002,10556.316617400022,1.4649749670265648,1.0
snit_b,snit,102,0.0,compress_force,compress_force:total_compression_abs,7205.8,17762.116617400025,10556.316617400025,1.4649749670265655,1.0
snit_b,snit,102,90.0,strain_mild,strain_mild:max_tension,-2.1,2.2364571855999094,4.33645718559991,2.064979612190433,0.0
snit_b,snit,102,90.0,strain_mild,strain_mild:max_compression,-2.1,-3.181917287987768,-1.081917287987768,0.5151987085656038,1.0
snit_b,snit,102,90.0,strain_mild,strain_mild:governing_abs_signed,-2.1,-3.181917287987768,-1.081917287987768,0.5151987085656038,1.0
snit_b,snit,102,90.0,strain_prestressed,strain_prestressed:max_tension,-7.5,7.670301486961294,15.170301486961293,2.0227068649281725,0.0
snit_b,snit,102,90.0,strain_prestressed,strain_prestressed:max_compression,-7.5,7.670301486961294,15.170301486961293,2.0227068649281725,0.0
snit_b,snit,102,90.0,strain_prestressed,strain_prestressed:governing_abs_signed,-7.5,7.670301486961294,15.170301486961293,2.0227068649281725,0.0
snit_b,snit,102,90.0,compress_force,compress_force:concrete_only,20276.0,19522.804705047445,-753.1952949525548,0.037147134294365496,1.0
snit_b,snit,102,90.0,compress_force,compress_force:concrete_plus_comp_rebar,20276.0,20230.26217122666,-45.73782877334088,0.002255761924114267,1.0
snit_b,snit,102,90.0,compress_force,compress_force:concrete_plus_all_comp_steel,20276.0,20230.26217122666,-45.73782877334088,0.002255761924114267,1.0
snit_b,snit,102,90.0,compress_force,compress_force:total_compression_abs,20276.0,20230.26217122666,-45.73782877334088,0.002255761924114267,1.0
snit_b,snit,102,90.0,lever_L,lever:total_comp_to_tension:L,0.705,0.7071429505178723,0.0021429505178723884,0.003039646124641686,1.0
snit_b,snit,102,90.0,lever_L,lever:concrete_comp_to_tension:L,0.705,0.699887697814952,-0.00511230218504799,0.007251492461060979,1.0
snit_b,snit,102,90.0,lever_L,lever:moment_over_total_compression:L,0.705,0.5591726750785581,-0.1458273249214419,0.20684726939211617,1.0
snit_b,snit,102,90.0,lever_DX,lever:total_comp_to_tension:DX,0.0,-9.603880941579597e-17,-9.603880941579597e-17,9.603880941579598e-05,
snit_b,snit,102,90.0,lever_DX,lever:concrete_comp_to_tension:DX,0.0,-9.951901493906289e-17,-9.951901493906289e-17,9.951901493906289e-05,
snit_b,snit,102,90.0,lever_DY,lever:total_comp_to_tension:DY,0.705,0.7071429505178723,0.0021429505178723884,0.003039646124641686,1.0
snit_b,snit,102,90.0,lever_DY,lever:total_comp_to_tension:DY_negated,0.705,-0.7071429505178723,-1.4121429505178722,2.0030396461246416,0.0
snit_b,snit,102,90.0,lever_DY,lever:concrete_comp_to_tension:DY,0.705,0.699887697814952,-0.00511230218504799,0.007251492461060979,1.0
snit_b,snit,102,90.0,lever_DY,lever:concrete_comp_to_tension:DY_negated,0.705,-0.699887697814952,-1.404887697814952,1.9927485075389393,0.0
snit_b,snit,102,180.0,strain_mild,strain_mild:max_tension,0.2,-0.166093683424049,-0.366093683424049,1.830468417120245,0.0
snit_b,snit,102,180.0,strain_mild,strain_mild:max_compression,0.2,-0.1660936834240493,-0.3660936834240493,1.8304684171202463,0.0
snit_b,snit,102,180.0,strain_mild,strain_mild:governing_abs_signed,0.2,-0.1660936834240493,-0.3660936834240493,1.8304684171202463,0.0
snit_b,snit,102,180.0,strain_prestressed,strain_prestressed:max_tension,-5.699999999999999,5.7339063165759505,11.43390631657595,2.005948476592272,0.0
snit_b,snit,102,180.0,strain_prestressed,strain_prestressed:max_compression,-5.699999999999999,5.7339063165759505,11.43390631657595,2.005948476592272,0.0
snit_b,snit,102,180.0,strain_prestressed,strain_prestressed:governing_abs_signed,-5.699999999999999,5.7339063165759505,11.43390631657595,2.005948476592272,0.0
snit_b,snit,102,180.0,compress_force,compress_force:concrete_only,7205.8,17662.96382531391,10457.16382531391,1.451214830457952,1.0
snit_b,snit,102,180.0,compress_force,compress_force:concrete_plus_comp_rebar,7205.8,17762.11661740002,10556.316617400022,1.4649749670265648,1.0
snit_b,snit,102,180.0,compress_force,compress_force:concrete_plus_all_comp_steel,7205.8,17762.11661740002,10556.316617400022,1.4649749670265648,1.0
snit_b,snit,102,180.0,compress_force,compress_force:total_compression_abs,7205.8,17762.116617400025,10556.316617400025,1.4649749670265655,1.0
snit_c,snit,103,0.0,strain_mild,strain_mild:max_tension,0.2,-0.1690005115981003,-0.3690005115981003,1.8450025579905016,0.0
snit_c,snit,103,0.0,strain_mild,strain_mild:max_compression,0.2,-0.1690005115981006,-0.3690005115981006,1.845002557990503,0.0
snit_c,snit,103,0.0,strain_mild,strain_mild:governing_abs_signed,0.2,-0.1690005115981006,-0.3690005115981006,1.845002557990503,0.0
snit_c,snit,103,0.0,strain_prestressed,strain_prestressed:max_tension,-5.699999999999999,5.730999488401899,11.430999488401898,2.0054385067371756,0.0
snit_c,snit,103,0.0,strain_prestressed,strain_prestressed:max_compression,-5.699999999999999,5.730999488401899,11.430999488401898,2.0054385067371756,0.0
snit_c,snit,103,0.0,strain_prestressed,strain_prestressed:governing_abs_signed,-5.699999999999999,5.730999488401899,11.430999488401898,2.0054385067371756,0.0
snit_c,snit,103,0.0,compress_force,compress_force:concrete_only,7229.5,17678.377577571584,10448.877577571584,1.445311235572527,1.0
snit_c,snit,103,0.0,compress_force,compress_force:concrete_plus_comp_rebar,7229.5,17779.265656175703,10549.765656175703,1.4592662917457229,1.0
snit_c,snit,103,0.0,compress_force,compress_force:concrete_plus_all_comp_steel,7229.5,17779.265656175703,10549.765656175703,1.4592662917457229,1.0
snit_c,snit,103,0.0,compress_force,compress_force:total_compression_abs,7229.5,17779.265656175703,10549.765656175703,1.4592662917457229,1.0
snit_c,snit,103,90.0,strain_mild,strain_mild:max_tension,-2.4,2.444852541545082,4.844852541545082,2.0186885589771175,0.0
snit_c,snit,103,90.0,strain_mild,strain_mild:max_compression,-2.4,-3.170361904962127,-0.7703619049621273,0.3209841270675531,1.0
snit_c,snit,103,90.0,strain_mild,strain_mild:governing_abs_signed,-2.4,-3.170361904962127,-0.7703619049621273,0.3209841270675531,1.0
snit_c,snit,103,90.0,strain_prestressed,strain_prestressed:max_tension,-7.7,7.861762229851648,15.561762229851649,2.0210080817989153,0.0
snit_c,snit,103,90.0,strain_prestressed,strain_prestressed:max_compression,-7.7,5.082572083756481,12.782572083756481,1.6600742965917508,0.0
snit_c,snit,103,90.0,strain_prestressed,strain_prestressed:governing_abs_signed,-7.7,7.861762229851648,15.561762229851649,2.0210080817989153,0.0
snit_c,snit,103,90.0,compress_force,compress_force:concrete_only,17268.4,18838.4375475571,1570.0375475570982,0.09091968842261576,1.0
snit_c,snit,103,90.0,compress_force,compress_force:concrete_plus_comp_rebar,17268.4,19545.94471831194,2277.5447183119395,0.13189089425261977,1.0
snit_c,snit,103,90.0,compress_force,compress_force:concrete_plus_all_comp_steel,17268.4,19545.94471831194,2277.5447183119395,0.13189089425261977,1.0
snit_c,snit,103,90.0,compress_force,compress_force:total_compression_abs,17268.4,19545.94471831194,2277.5447183119395,0.13189089425261977,1.0
snit_c,snit,103,90.0,lever_L,lever:total_comp_to_tension:L,0.746,0.6240473572310288,-0.12195264276897122,0.16347539245170406,1.0
snit_c,snit,103,90.0,lever_L,lever:concrete_comp_to_tension:L,0.746,0.616874414434549,-0.12912558556545095,0.17309059727272247,1.0
snit_c,snit,103,90.0,lever_L,lever:moment_over_total_compression:L,0.746,0.5045647195875943,-0.2414352804124057,0.32363978607561084,1.0
snit_c,snit,103,90.0,lever_DX,lever:total_comp_to_tension:DX,0.0,-9.372112819470386e-17,-9.372112819470386e-17,9.372112819470387e-05,
snit_c,snit,103,90.0,lever_DX,lever:concrete_comp_to_tension:DX,0.0,-9.724097266596604e-17,-9.724097266596604e-17,9.724097266596605e-05,
snit_c,snit,103,90.0,lever_DY,lever:total_comp_to_tension:DY,0.746,0.6240473572310288,-0.12195264276897122,0.16347539245170406,1.0
snit_c,snit,103,90.0,lever_DY,lever:total_comp_to_tension:DY_negated,0.746,-0.6240473572310288,-1.3700473572310288,1.836524607548296,0.0
snit_c,snit,103,90.0,lever_DY,lever:concrete_comp_to_tension:DY,0.746,0.616874414434549,-0.12912558556545095,0.17309059727272247,1.0
snit_c,snit,103,90.0,lever_DY,lever:concrete_comp_to_tension:DY_negated,0.746,-0.616874414434549,-1.362874414434549,1.8269094027272776,0.0
snit_c,snit,103,180.0,strain_mild,strain_mild:max_tension,0.2,-0.1690005115981003,-0.3690005115981003,1.8450025579905016,0.0
snit_c,snit,103,180.0,strain_mild,strain_mild:max_compression,0.2,-0.1690005115981006,-0.3690005115981006,1.845002557990503,0.0
snit_c,snit,103,180.0,strain_mild,strain_mild:governing_abs_signed,0.2,-0.1690005115981006,-0.3690005115981006,1.845002557990503,0.0
snit_c,snit,103,180.0,strain_prestressed,strain_prestressed:max_tension,-5.699999999999999,5.730999488401899,11.430999488401898,2.0054385067371756,0.0
snit_c,snit,103,180.0,strain_prestressed,strain_prestressed:max_compression,-5.699999999999999,5.730999488401899,11.430999488401898,2.0054385067371756,0.0
snit_c,snit,103,180.0,strain_prestressed,strain_prestressed:governing_abs_signed,-5.699999999999999,5.730999488401899,11.430999488401898,2.0054385067371756,0.0
snit_c,snit,103,180.0,compress_force,compress_force:concrete_only,7229.5,17678.377577571584,10448.877577571584,1.445311235572527,1.0
snit_c,snit,103,180.0,compress_force,compress_force:concrete_plus_comp_rebar,7229.5,17779.265656175703,10549.765656175703,1.4592662917457229,1.0
snit_c,snit,103,180.0,compress_force,compress_force:concrete_plus_all_comp_steel,7229.5,17779.265656175703,10549.765656175703,1.4592662917457229,1.0
snit_c,snit,103,180.0,compress_force,compress_force:total_compression_abs,7229.5,17779.265656175703,10549.765656175703,1.4592662917457229,1.0
snit_c,snit,103,270.0,strain_mild,strain_mild:max_tension,-3.9000000000000004,3.9384044134541853,7.838404413454185,2.009847285501073,0.0
snit_c,snit,103,270.0,strain_mild,strain_mild:max_compression,-3.9000000000000004,-3.1145164699361554,0.785483530063845,0.20140603334970383,1.0
snit_c,snit,103,270.0,strain_mild,strain_mild:governing_abs_signed,-3.9000000000000004,3.9384044134541853,7.838404413454185,2.009847285501073,0.0
snit_c,snit,103,270.0,strain_prestressed,strain_prestressed:max_tension,-6.800000000000001,6.883030682964711,13.683030682964713,2.012210394553634,0.0
snit_c,snit,103,270.0,strain_prestressed,strain_prestressed:max_compression,-6.800000000000001,3.3922631607198963,10.192263160719897,1.4988622295176317,0.0
snit_c,snit,103,270.0,strain_prestressed,strain_prestressed:governing_abs_signed,-6.800000000000001,6.883030682964711,13.683030682964713,2.012210394553634,0.0
snit_c,snit,103,270.0,compress_force,compress_force:concrete_only,11039.8,14998.306150829401,3958.506150829402,0.3585668355250459,1.0
snit_c,snit,103,270.0,compress_force,compress_force:concrete_plus_comp_rebar,11039.8,15706.053536351894,4666.253536351895,0.4226755499512577,1.0
snit_c,snit,103,270.0,compress_force,compress_force:concrete_plus_all_comp_steel,11039.8,15706.053536351894,4666.253536351895,0.4226755499512577,1.0
snit_c,snit,103,270.0,compress_force,compress_force:total_compression_abs,11039.8,15706.053536351894,4666.253536351895,0.4226755499512577,1.0
snit_c,snit,103,270.0,lever_L,lever:total_comp_to_tension:L,0.484,0.19502529304595784,-0.28897470695404215,0.5970551796571119,1.0
snit_c,snit,103,270.0,lever_L,lever:concrete_comp_to_tension:L,0.484,0.18826843561395074,-0.29573156438604925,0.611015628896796,1.0
snit_c,snit,103,270.0,lever_L,lever:moment_over_total_compression:L,0.484,0.26765423537884575,-0.21634576462115424,0.4469953814486658,1.0
snit_c,snit,103,270.0,lever_DX,lever:total_comp_to_tension:DX,0.0,1.4246103806207019e-16,1.4246103806207019e-16,0.00014246103806207018,
snit_c,snit,103,270.0,lever_DX,lever:concrete_comp_to_tension:DX,0.0,1.4722904646363298e-16,1.4722904646363298e-16,0.00014722904646363299,
snit_c,snit,103,270.0,lever_DY,lever:total_comp_to_tension:DY,-0.484,0.19502529304595784,0.6790252930459578,1.402944820342888,0.0
snit_c,snit,103,270.0,lever_DY,lever:total_comp_to_tension:DY_negated,-0.484,-0.19502529304595784,0.28897470695404215,0.5970551796571119,1.0
snit_c,snit,103,270.0,lever_DY,lever:concrete_comp_to_tension:DY,-0.484,0.18826843561395074,0.6722684356139508,1.3889843711032042,0.0
snit_c,snit,103,270.0,lever_DY,lever:concrete_comp_to_tension:DY_negated,-0.484,-0.18826843561395074,0.29573156438604925,0.611015628896796,1.0
snit_c,snit,103,360.0,strain_mild,strain_mild:max_tension,0.2,-0.16900051159810006,-0.3690005115981001,1.8450025579905005,0.0
snit_c,snit,103,360.0,strain_mild,strain_mild:max_compression,0.2,-0.16900051159810095,-0.369000511598101,1.845002557990505,0.0
snit_c,snit,103,360.0,strain_mild,strain_mild:governing_abs_signed,0.2,-0.16900051159810095,-0.369000511598101,1.845002557990505,0.0
snit_c,snit,103,360.0,strain_prestressed,strain_prestressed:max_tension,-5.699999999999999,5.730999488401899,11.430999488401898,2.0054385067371756,0.0
snit_c,snit,103,360.0,strain_prestressed,strain_prestressed:max_compression,-5.699999999999999,5.730999488401899,11.430999488401898,2.0054385067371756,0.0
snit_c,snit,103,360.0,strain_prestressed,strain_prestressed:governing_abs_signed,-5.699999999999999,5.730999488401899,11.430999488401898,2.0054385067371756,0.0
snit_c,snit,103,360.0,compress_force,compress_force:concrete_only,7229.5,17678.377577571584,10448.877577571584,1.445311235572527,1.0
snit_c,snit,103,360.0,compress_force,compress_force:concrete_plus_comp_rebar,7229.5,17779.265656175703,10549.765656175703,1.4592662917457229,1.0
snit_c,snit,103,360.0,compress_force,compress_force:concrete_plus_all_comp_steel,7229.5,17779.265656175703,10549.765656175703,1.4592662917457229,1.0
snit_c,snit,103,360.0,compress_force,compress_force:total_compression_abs,7229.5,17779.265656175703,10549.765656175703,1.4592662917457229,1.0
snit_d,snit,104,0.0,strain_mild,strain_mild:max_tension,0.2,-0.1690005115981003,-0.3690005115981003,1.8450025579905016,0.0
snit_d,snit,104,0.0,strain_mild,strain_mild:max_compression,0.2,-0.1690005115981006,-0.3690005115981006,1.845002557990503,0.0
snit_d,snit,104,0.0,strain_mild,strain_mild:governing_abs_signed,0.2,-0.1690005115981006,-0.3690005115981006,1.845002557990503,0.0
snit_d,snit,104,0.0,strain_prestressed,strain_prestressed:max_tension,-5.699999999999999,5.730999488401899,11.430999488401898,2.0054385067371756,0.0
snit_d,snit,104,0.0,strain_prestressed,strain_prestressed:max_compression,-5.699999999999999,5.730999488401899,11.430999488401898,2.0054385067371756,0.0
snit_d,snit,104,0.0,strain_prestressed,strain_prestressed:governing_abs_signed,-5.699999999999999,5.730999488401899,11.430999488401898,2.0054385067371756,0.0
snit_d,snit,104,0.0,compress_force,compress_force:concrete_only,7229.5,17678.377577571584,10448.877577571584,1.445311235572527,1.0
snit_d,snit,104,0.0,compress_force,compress_force:concrete_plus_comp_rebar,7229.5,17779.265656175703,10549.765656175703,1.4592662917457229,1.0
snit_d,snit,104,0.0,compress_force,compress_force:concrete_plus_all_comp_steel,7229.5,17779.265656175703,10549.765656175703,1.4592662917457229,1.0
snit_d,snit,104,0.0,compress_force,compress_force:total_compression_abs,7229.5,17779.265656175703,10549.765656175703,1.4592662917457229,1.0
snit_d,snit,104,90.0,strain_mild,strain_mild:max_tension,-3.4000000000000004,3.4112513762149783,6.811251376214979,2.003309228298523,0.0
snit_d,snit,104,90.0,strain_mild,strain_mild:max_compression,-3.4000000000000004,-3.116775736309303,0.2832242636906974,0.08330125402667571,1.0
snit_d,snit,104,90.0,strain_mild,strain_mild:governing_abs_signed,-3.4000000000000004,3.4112513762149783,6.811251376214979,2.003309228298523,0.0
snit_d,snit,104,90.0,strain_prestressed,strain_prestressed:max_tension,-5.300000000000001,5.320433181918757,10.620433181918758,2.0038553173431617,0.0
snit_d,snit,104,90.0,strain_prestressed,strain_prestressed:max_compression,-5.300000000000001,3.5430654761808715,8.843065476180872,1.6685029200341266,0.0
snit_d,snit,104,90.0,strain_prestressed,strain_prestressed:governing_abs_signed,-5.300000000000001,5.320433181918757,10.620433181918758,2.0038553173431617,0.0
snit_d,snit,104,90.0,compress_force,compress_force:concrete_only,7942.2,16204.262764736337,8262.062764736336,1.040273823970227,1.0
snit_d,snit,104,90.0,compress_force,compress_force:concrete_plus_comp_rebar,7942.2,16912.000432201363,8969.800432201362,1.1293848596360407,1.0
snit_d,snit,104,90.0,compress_force,compress_force:concrete_plus_all_comp_steel,7942.2,16912.000432201363,8969.800432201362,1.1293848596360407,1.0
snit_d,snit,104,90.0,compress_force,compress_force:total_compression_abs,7942.2,16912.00043220136,8969.800432201358,1.1293848596360403,1.0
snit_d,snit,104,90.0,lever_L,lever:total_comp_to_tension:L,1.034,0.2272200504751875,-0.8067799495248125,0.7802514018615208,1.0
snit_d,snit,104,90.0,lever_L,lever:concrete_comp_to_tension:L,1.034,0.22042623672472106,-0.813573763275279,0.7868218213493994,1.0
snit_d,snit,104,90.0,lever_L,lever:moment_over_total_compression:L,1.034,0.27391330838370775,-0.7600866916162923,0.7350935122014431,1.0
snit_d,snit,104,90.0,lever_DX,lever:total_comp_to_tension:DX,0.0,-1.0503528819795743e-16,-1.0503528819795743e-16,0.00010503528819795743,
snit_d,snit,104,90.0,lever_DX,lever:concrete_comp_to_tension:DX,0.0,-1.096228113053037e-16,-1.096228113053037e-16,0.0001096228113053037,
snit_d,snit,104,90.0,lever_DY,lever:total_comp_to_tension:DY,1.034,0.2272200504751875,-0.8067799495248125,0.7802514018615208,1.0
snit_d,snit,104,90.0,lever_DY,lever:total_comp_to_tension:DY_negated,1.034,-0.2272200504751875,-1.2612200504751876,1.2197485981384792,0.0
snit_d,snit,104,90.0,lever_DY,lever:concrete_comp_to_tension:DY,1.034,0.22042623672472106,-0.813573763275279,0.7868218213493994,1.0
snit_d,snit,104,90.0,lever_DY,lever:concrete_comp_to_tension:DY_negated,1.034,-0.22042623672472106,-1.2544262367247212,1.2131781786506008,0.0
snit_d,snit,104,180.0,strain_mild,strain_mild:max_tension,0.2,-0.1690005115981003,-0.3690005115981003,1.8450025579905016,0.0
snit_d,snit,104,180.0,strain_mild,strain_mild:max_compression,0.2,-0.1690005115981006,-0.3690005115981006,1.845002557990503,0.0
snit_d,snit,104,180.0,strain_mild,strain_mild:governing_abs_signed,0.2,-0.1690005115981006,-0.3690005115981006,1.845002557990503,0.0
snit_d,snit,104,180.0,strain_prestressed,strain_prestressed:max_tension,-5.699999999999999,5.730999488401899,11.430999488401898,2.0054385067371756,0.0
snit_d,snit,104,180.0,strain_prestressed,strain_prestressed:max_compression,-5.699999999999999,5.730999488401899,11.430999488401898,2.0054385067371756,0.0
snit_d,snit,104,180.0,strain_prestressed,strain_prestressed:governing_abs_signed,-5.699999999999999,5.730999488401899,11.430999488401898,2.0054385067371756,0.0
snit_d,snit,104,180.0,compress_force,compress_force:concrete_only,7229.5,17678.377577571584,10448.877577571584,1.445311235572527,1.0
snit_d,snit,104,180.0,compress_force,compress_force:concrete_plus_comp_rebar,7229.5,17779.265656175703,10549.765656175703,1.4592662917457229,1.0
snit_d,snit,104,180.0,compress_force,compress_force:concrete_plus_all_comp_steel,7229.5,17779.265656175703,10549.765656175703,1.4592662917457229,1.0
snit_d,snit,104,180.0,compress_force,compress_force:total_compression_abs,7229.5,17779.265656175703,10549.765656175703,1.4592662917457229,1.0
section0,annular,201,0.0,strain_mild,strain_mild:max_tension,-7.3,7.384412563009831,14.68441256300983,2.011563364795867,0.0
section0,annular,201,0.0,strain_mild,strain_mild:max_compression,-7.3,-2.9671965878246938,4.332803412175306,0.5935347139966172,1.0
section0,annular,201,0.0,strain_mild,strain_mild:governing_abs_signed,-7.3,7.384412563009831,14.68441256300983,2.011563364795867,0.0
section0,annular,201,0.0,compress_force,compress_force:concrete_only,3456.7,1732.407655333063,-1724.2923446669367,0.4988261476746425,1.0
section0,annular,201,0.0,compress_force,compress_force:concrete_plus_comp_rebar,3456.7,3447.4964873633303,-9.20351263666953,0.0026625141425838314,1.0
section0,annular,201,0.0,compress_force,compress_force:concrete_plus_all_comp_steel,3456.7,3447.4964873633303,-9.20351263666953,0.0026625141425838314,1.0
section0,annular,201,0.0,compress_force,compress_force:total_compression_abs,3456.7,3447.4964873633303,-9.20351263666953,0.0026625141425838314,1.0
section0,annular,201,0.0,lever_L,lever:total_comp_to_tension:L,0.461,0.4600106118793256,-0.0009893881206743949,0.002146178135953134,1.0
section0,annular,201,0.0,lever_L,lever:concrete_comp_to_tension:L,0.461,0.45367478439037234,-0.007325215609627678,0.015889838632597998,1.0
section0,annular,201,0.0,lever_L,lever:moment_over_total_compression:L,0.461,0.4524169332416642,-0.008583066758335811,0.018618366070142757,1.0
section0,annular,201,0.0,lever_DX,lever:total_comp_to_tension:DX,-0.461,2.4092412336344047e-18,0.461,1.0,0.0
section0,annular,201,0.0,lever_DX,lever:concrete_comp_to_tension:DX,-0.461,-7.347971778175085e-18,0.461,1.0,1.0
section0,annular,201,0.0,lever_DY,lever:total_comp_to_tension:DY,0.0,0.4600106118793256,0.4600106118793256,460010611879.3256,
section0,annular,201,0.0,lever_DY,lever:total_comp_to_tension:DY_negated,0.0,-0.4600106118793256,-0.4600106118793256,460010611879.3256,
section0,annular,201,0.0,lever_DY,lever:concrete_comp_to_tension:DY,0.0,0.45367478439037234,0.45367478439037234,453674784390.3724,
section0,annular,201,0.0,lever_DY,lever:concrete_comp_to_tension:DY_negated,0.0,-0.45367478439037234,-0.45367478439037234,453674784390.3724,
section0,annular,201,45.0,strain_mild,strain_mild:max_tension,-7.199999999999999,7.278546374249114,14.478546374249113,2.0109092186457103,0.0
section0,annular,201,45.0,strain_mild,strain_mild:max_compression,-7.199999999999999,-2.975522569674075,4.2244774303259245,0.5867329764341562,1.0
section0,annular,201,45.0,strain_mild,strain_mild:governing_abs_signed,-7.199999999999999,7.278546374249114,14.478546374249113,2.0109092186457103,0.0
section0,annular,201,45.0,compress_force,compress_force:concrete_only,3440.8,1751.538828439092,-1689.2611715609082,0.49095011961198215,1.0
section0,annular,201,45.0,compress_force,compress_force:concrete_plus_comp_rebar,3440.8,3432.6725560207633,-8.127443979236887,0.00236207974286122,1.0
section0,annular,201,45.0,compress_force,compress_force:concrete_plus_all_comp_steel,3440.8,3432.6725560207633,-8.127443979236887,0.00236207974286122,1.0
section0,annular,201,45.0,compress_force,compress_force:total_compression_abs,3440.8,3432.6725560207633,-8.127443979236887,0.00236207974286122,1.0
section0,annular,201,45.0,lever_L,lever:total_comp_to_tension:L,0.463,0.46227323434054435,-0.0007267656594556748,0.0015696882493643084,1.0
section0,annular,201,45.0,lever_L,lever:concrete_comp_to_tension:L,0.463,0.4547448493518616,-0.00825515064813842,0.017829699024057063,1.0
section0,annular,201,45.0,lever_L,lever:moment_over_total_compression:L,0.463,0.454563283157872,-0.008436716842128045,0.0182218506309461,1.0
section0,annular,201,45.0,lever_DX,lever:total_comp_to_tension:DX,-0.33,0.0035206129823013984,0.3335206129823014,1.010668524188792,0.0
section0,annular,201,45.0,lever_DX,lever:concrete_comp_to_tension:DX,-0.33,0.0008120639908603653,0.3308120639908604,1.002460799972304,0.0
section0,annular,201,45.0,lever_DY,lever:total_comp_to_tension:DY,0.326,0.4622598278802698,0.1362598278802698,0.41797493214806686,1.0
section0,annular,201,45.0,lever_DY,lever:total_comp_to_tension:DY_negated,0.326,-0.4622598278802698,-0.7882598278802698,2.417974932148067,0.0
section0,annular,201,45.0,lever_DY,lever:concrete_comp_to_tension:DY,0.326,0.45474412427663324,0.12874412427663323,0.39492062661543936,1.0
section0,annular,201,45.0,lever_DY,lever:concrete_comp_to_tension:DY_negated,0.326,-0.45474412427663324,-0.7807441242766333,2.3949206266154395,0.0
section0,annular,201,90.0,strain_mild,strain_mild:max_tension,-7.1,7.17288768434973,14.27288768434973,2.0102658710351733,0.0
section0,annular,201,90.0,strain_mild,strain_mild:max_compression,-7.1,-2.898710552994382,4.2012894470056175,0.5917309080289602,1.0
section0,annular,201,90.0,strain_mild,strain_mild:governing_abs_signed,-7.1,7.17288768434973,14.27288768434973,2.0102658710351733,0.0
section0,annular,201,90.0,compress_force,compress_force:concrete_only,3438.5,1749.9830285926644,-1688.5169714073356,0.4910620827126176,1.0
section0,annular,201,90.0,compress_force,compress_force:concrete_plus_comp_rebar,3438.5,3430.791386689203,-7.7086133107968635,0.002241853514845678,1.0
section0,annular,201,90.0,compress_force,compress_force:concrete_plus_all_comp_steel,3438.5,3430.791386689203,-7.7086133107968635,0.002241853514845678,1.0
section0,annular,201,90.0,compress_force,compress_force:total_compression_abs,3438.5,3430.791386689203,-7.7086133107968635,0.002241853514845678,1.0
section0,annular,201,90.0,lever_L,lever:total_comp_to_tension:L,0.463,0.4619362323634707,-0.0010637676365293225,0.002297554290560092,1.0
section0,annular,201,90.0,lever_L,lever:concrete_comp_to_tension:L,0.463,0.45452012160894817,-0.008479878391051854,0.01831507211890249,1.0
section0,annular,201,90.0,lever_L,lever:moment_over_total_compression:L,0.463,0.454230144326851,-0.00876985567314903,0.018941372944166368,1.0
section0,annular,201,90.0,lever_DX,lever:total_comp_to_tension:DX,0.0,1.1279562855769511e-17,1.1279562855769511e-17,1.1279562855769512e-05,
section0,annular,201,90.0,lever_DX,lever:concrete_comp_to_tension:DX,0.0,2.6076427790885284e-17,2.6076427790885284e-17,2.6076427790885285e-05,
section0,annular,201,90.0,lever_DY,lever:total_comp_to_tension:DY,0.463,0.4619362323634707,-0.0010637676365293225,0.002297554290560092,1.0
section0,annular,201,90.0,lever_DY,lever:total_comp_to_tension:DY_negated,0.463,-0.4619362323634707,-0.9249362323634707,1.99770244570944,0.0
section0,annular,201,90.0,lever_DY,lever:concrete_comp_to_tension:DY,0.463,0.45452012160894817,-0.008479878391051854,0.01831507211890249,1.0
section0,annular,201,90.0,lever_DY,lever:concrete_comp_to_tension:DY_negated,0.463,-0.45452012160894817,-0.9175201216089481,1.9816849278810973,0.0
section0,annular,201,135.0,strain_mild,strain_mild:max_tension,-7.199999999999999,7.278546374249114,14.478546374249113,2.0109092186457103,0.0
section0,annular,201,135.0,strain_mild,strain_mild:max_compression,-7.199999999999999,-2.975522569674075,4.2244774303259245,0.5867329764341562,1.0
section0,annular,201,135.0,strain_mild,strain_mild:governing_abs_signed,-7.199999999999999,7.278546374249114,14.478546374249113,2.0109092186457103,0.0
section0,annular,201,135.0,compress_force,compress_force:concrete_only,3440.8,1751.538828439092,-1689.2611715609082,0.49095011961198215,1.0
section0,annular,201,135.0,compress_force,compress_force:concrete_plus_comp_rebar,3440.8,3432.6725560207633,-8.127443979236887,0.00236207974286122,1.0
section0,annular,201,135.0,compress_force,compress_force:concrete_plus_all_comp_steel,3440.8,3432.6725560207633,-8.127443979236887,0.00236207974286122,1.0
section0,annular,201,135.0,compress_force,compress_force:total_compression_abs,3440.8,3432.6725560207633,-8.127443979236887,0.00236207974286122,1.0
section0,annular,201,135.0,lever_L,lever:total_comp_to_tension:L,0.463,0.46227323434054435,-0.0007267656594556748,0.0015696882493643084,1.0
section0,annular,201,135.0,lever_L,lever:concrete_comp_to_tension:L,0.463,0.4547448493518616,-0.00825515064813842,0.017829699024057063,1.0
section0,annular,201,135.0,lever_L,lever:moment_over_total_compression:L,0.463,0.454563283157872,-0.008436716842128045,0.0182218506309461,1.0
section0,annular,201,135.0,lever_DX,lever:total_comp_to_tension:DX,0.33,-0.0035206129823013963,-0.3335206129823014,1.010668524188792,0.0
section0,annular,201,135.0,lever_DX,lever:concrete_comp_to_tension:DX,0.33,-0.0008120639908603453,-0.3308120639908604,1.002460799972304,0.0
section0,annular,201,135.0,lever_DY,lever:total_comp_to_tension:DY,0.326,0.4622598278802698,0.1362598278802698,0.41797493214806686,1.0
section0,annular,201,135.0,lever_DY,lever:total_comp_to_tension:DY_negated,0.326,-0.4622598278802698,-0.7882598278802698,2.417974932148067,0.0
section0,annular,201,135.0,lever_DY,lever:concrete_comp_to_tension:DY,0.326,0.45474412427663324,0.12874412427663323,0.39492062661543936,1.0
section0,annular,201,135.0,lever_DY,lever:concrete_comp_to_tension:DY_negated,0.326,-0.45474412427663324,-0.7807441242766333,2.3949206266154395,0.0
section0,annular,201,180.0,strain_mild,strain_mild:max_tension,-7.3,7.384412563009831,14.68441256300983,2.011563364795867,0.0
section0,annular,201,180.0,strain_mild,strain_mild:max_compression,-7.3,-2.967196587824694,4.332803412175306,0.5935347139966172,1.0
section0,annular,201,180.0,strain_mild,strain_mild:governing_abs_signed,-7.3,7.384412563009831,14.68441256300983,2.011563364795867,0.0
section0,annular,201,180.0,compress_force,compress_force:concrete_only,3456.7,1732.4076553330628,-1724.292344666937,0.4988261476746426,1.0
section0,annular,201,180.0,compress_force,compress_force:concrete_plus_comp_rebar,3456.7,3447.4964873633303,-9.20351263666953,0.0026625141425838314,1.0
section0,annular,201,180.0,compress_force,compress_force:concrete_plus_all_comp_steel,3456.7,3447.4964873633303,-9.20351263666953,0.0026625141425838314,1.0
section0,annular,201,180.0,compress_force,compress_force:total_compression_abs,3456.7,3447.4964873633303,-9.20351263666953,0.0026625141425838314,1.0
section0,annular,201,180.0,lever_L,lever:total_comp_to_tension:L,0.461,0.46001061187932557,-0.0009893881206744504,0.0021461781359532546,1.0
section0,annular,201,180.0,lever_L,lever:concrete_comp_to_tension:L,0.461,0.4536747843903723,-0.007325215609627733,0.01588983863259812,1.0
section0,annular,201,180.0,lever_L,lever:moment_over_total_compression:L,0.461,0.45241693324166415,-0.008583066758335867,0.01861836607014288,1.0
section0,annular,201,180.0,lever_DX,lever:total_comp_to_tension:DX,0.461,-1.934969891869161e-19,-0.461,1.0,0.0
section0,annular,201,180.0,lever_DX,lever:concrete_comp_to_tension:DX,0.461,-5.471166157544675e-19,-0.461,1.0,0.0
section0,annular,201,180.0,lever_DY,lever:total_comp_to_tension:DY,0.0,0.46001061187932557,0.46001061187932557,460010611879.32556,
section0,annular,201,180.0,lever_DY,lever:total_comp_to_tension:DY_negated,0.0,-0.46001061187932557,-0.46001061187932557,460010611879.32556,
section0,annular,201,180.0,lever_DY,lever:concrete_comp_to_tension:DY,0.0,0.4536747843903723,0.4536747843903723,453674784390.3723,
section0,annular,201,180.0,lever_DY,lever:concrete_comp_to_tension:DY_negated,0.0,-0.4536747843903723,-0.4536747843903723,453674784390.3723,
section0,annular,201,225.0,strain_mild,strain_mild:max_tension,-7.199999999999999,7.278546374249112,14.478546374249111,2.0109092186457103,0.0
section0,annular,201,225.0,strain_mild,strain_mild:max_compression,-7.199999999999999,-2.975522569674075,4.2244774303259245,0.5867329764341562,1.0
section0,annular,201,225.0,strain_mild,strain_mild:governing_abs_signed,-7.199999999999999,7.278546374249112,14.478546374249111,2.0109092186457103,0.0
section0,annular,201,225.0,compress_force,compress_force:concrete_only,3440.8,1751.5388284390924,-1689.2611715609078,0.490950119611982,1.0
section0,annular,201,225.0,compress_force,compress_force:concrete_plus_comp_rebar,3440.8,3432.672556020764,-8.127443979235977,0.002362079742860956,1.0
section0,annular,201,225.0,compress_force,compress_force:concrete_plus_all_comp_steel,3440.8,3432.672556020764,-8.127443979235977,0.002362079742860956,1.0
section0,annular,201,225.0,compress_force,compress_force:total_compression_abs,3440.8,3432.672556020764,-8.127443979235977,0.002362079742860956,1.0
section0,annular,201,225.0,lever_L,lever:total_comp_to_tension:L,0.463,0.4622732343405444,-0.0007267656594556193,0.0015696882493641884,1.0
section0,annular,201,225.0,lever_L,lever:concrete_comp_to_tension:L,0.463,0.4547448493518617,-0.00825515064813831,0.017829699024056823,1.0
section0,annular,201,225.0,lever_L,lever:moment_over_total_compression:L,0.463,0.454563283157872,-0.008436716842128045,0.0182218506309461,1.0
section0,annular,201,225.0,lever_DX,lever:total_comp_to_tension:DX,0.33,0.003520612982301375,-0.32647938701769863,0.989331475811208,1.0
section0,annular,201,225.0,lever_DX,lever:concrete_comp_to_tension:DX,0.33,0.0008120639908603304,-0.3291879360091397,0.997539200027696,1.0
section0,annular,201,225.0,lever_DY,lever:total_comp_to_tension:DY,-0.326,0.46225982788026987,0.7882598278802699,2.4179749321480672,0.0
section0,annular,201,225.0,lever_DY,lever:total_comp_to_tension:DY_negated,-0.326,-0.46225982788026987,-0.13625982788026986,0.417974932148067,1.0
section0,annular,201,225.0,lever_DY,lever:concrete_comp_to_tension:DY,-0.326,0.45474412427663335,0.7807441242766333,2.3949206266154395,0.0
section0,annular,201,225.0,lever_DY,lever:concrete_comp_to_tension:DY_negated,-0.326,-0.45474412427663335,-0.12874412427663334,0.3949206266154397,1.0
section0,annular,201,270.0,strain_mild,strain_mild:max_tension,-7.1,7.17288768434973,14.27288768434973,2.0102658710351733,0.0
section0,annular,201,270.0,strain_mild,strain_mild:max_compression,-7.1,-2.898710552994382,4.2012894470056175,0.5917309080289602,1.0
section0,annular,201,270.0,strain_mild,strain_mild:governing_abs_signed,-7.1,7.17288768434973,14.27288768434973,2.0102658710351733,0.0
section0,annular,201,270.0,compress_force,compress_force:concrete_only,3438.5,1749.9830285926644,-1688.5169714073356,0.4910620827126176,1.0
section0,annular,201,270.0,compress_force,compress_force:concrete_plus_comp_rebar,3438.5,3430.791386689203,-7.7086133107968635,0.002241853514845678,1.0
section0,annular,201,270.0,compress_force,compress_force:concrete_plus_all_comp_steel,3438.5,3430.791386689203,-7.7086133107968635,0.002241853514845678,1.0
section0,annular,201,270.0,compress_force,compress_force:total_compression_abs,3438.5,3430.791386689203,-7.7086133107968635,0.002241853514845678,1.0
section0,annular,201,270.0,lever_L,lever:total_comp_to_tension:L,0.463,0.46193623236347064,-0.001063767636529378,0.0022975542905602116,1.0
section0,annular,201,270.0,lever_L,lever:concrete_comp_to_tension:L,0.463,0.45452012160894817,-0.008479878391051854,0.01831507211890249,1.0
section0,annular,201,270.0,lever_L,lever:moment_over_total_compression:L,0.463,0.45423014432685105,-0.008769855673148974,0.01894137294416625,1.0
section0,annular,201,270.0,lever_DX,lever:total_comp_to_tension:DX,0.0,1.0011090907577451e-17,1.0011090907577451e-17,1.0011090907577452e-05,
section0,annular,201,270.0,lever_DX,lever:concrete_comp_to_tension:DX,0.0,2.0665805209361995e-17,2.0665805209361995e-17,2.0665805209361996e-05,
section0,annular,201,270.0,lever_DY,lever:total_comp_to_tension:DY,-0.463,0.46193623236347064,0.9249362323634707,1.99770244570944,0.0
section0,annular,201,270.0,lever_DY,lever:total_comp_to_tension:DY_negated,-0.463,-0.46193623236347064,0.001063767636529378,0.0022975542905602116,1.0
section0,annular,201,270.0,lever_DY,lever:concrete_comp_to_tension:DY,-0.463,0.45452012160894817,0.9175201216089481,1.9816849278810973,0.0
section0,annular,201,270.0,lever_DY,lever:concrete_comp_to_tension:DY_negated,-0.463,-0.45452012160894817,0.008479878391051854,0.01831507211890249,1.0
section0,annular,201,315.0,strain_mild,strain_mild:max_tension,-7.199999999999999,7.278546374249116,14.478546374249115,2.0109092186457107,0.0
section0,annular,201,315.0,strain_mild,strain_mild:max_compression,-7.199999999999999,-2.975522569674075,4.2244774303259245,0.5867329764341562,1.0
section0,annular,201,315.0,strain_mild,strain_mild:governing_abs_signed,-7.199999999999999,7.278546374249116,14.478546374249115,2.0109092186457107,0.0
section0,annular,201,315.0,compress_force,compress_force:concrete_only,3440.8,1751.5388284390924,-1689.2611715609078,0.490950119611982,1.0
section0,annular,201,315.0,compress_force,compress_force:concrete_plus_comp_rebar,3440.8,3432.6725560207637,-8.127443979236432,0.002362079742861088,1.0
section0,annular,201,315.0,compress_force,compress_force:concrete_plus_all_comp_steel,3440.8,3432.6725560207637,-8.127443979236432,0.002362079742861088,1.0
section0,annular,201,315.0,compress_force,compress_force:total_compression_abs,3440.8,3432.6725560207637,-8.127443979236432,0.002362079742861088,1.0
section0,annular,201,315.0,lever_L,lever:total_comp_to_tension:L,0.463,0.4622732343405444,-0.0007267656594556193,0.0015696882493641884,1.0
section0,annular,201,315.0,lever_L,lever:concrete_comp_to_tension:L,0.463,0.45474484935186166,-0.008255150648138365,0.017829699024056945,1.0
section0,annular,201,315.0,lever_L,lever:moment_over_total_compression:L,0.463,0.4545632831578722,-0.008436716842127823,0.01822185063094562,1.0
section0,annular,201,315.0,lever_DX,lever:total_comp_to_tension:DX,-0.33,-0.0035206129823013993,0.32647938701769863,0.989331475811208,1.0
section0,annular,201,315.0,lever_DX,lever:concrete_comp_to_tension:DX,-0.33,-0.0008120639908603412,0.32918793600913965,0.9975392000276958,1.0
section0,annular,201,315.0,lever_DY,lever:total_comp_to_tension:DY,-0.326,0.46225982788026987,0.7882598278802699,2.4179749321480672,0.0
section0,annular,201,315.0,lever_DY,lever:total_comp_to_tension:DY_negated,-0.326,-0.46225982788026987,-0.13625982788026986,0.417974932148067,1.0
section0,annular,201,315.0,lever_DY,lever:concrete_comp_to_tension:DY,-0.326,0.4547441242766333,0.7807441242766333,2.3949206266154395,0.0
section0,annular,201,315.0,lever_DY,lever:concrete_comp_to_tension:DY_negated,-0.326,-0.4547441242766333,-0.1287441242766333,0.39492062661543953,1.0
section0,annular,201,360.0,strain_mild,strain_mild:max_tension,-7.3,7.384412563009831,14.68441256300983,2.011563364795867,0.0
section0,annular,201,360.0,strain_mild,strain_mild:max_compression,-7.3,-2.9671965878246938,4.332803412175306,0.5935347139966172,1.0
section0,annular,201,360.0,strain_mild,strain_mild:governing_abs_signed,-7.3,7.384412563009831,14.68441256300983,2.011563364795867,0.0
section0,annular,201,360.0,compress_force,compress_force:concrete_only,3456.7,1732.407655333063,-1724.2923446669367,0.4988261476746425,1.0
section0,annular,201,360.0,compress_force,compress_force:concrete_plus_comp_rebar,3456.7,3447.4964873633303,-9.20351263666953,0.0026625141425838314,1.0
section0,annular,201,360.0,compress_force,compress_force:concrete_plus_all_comp_steel,3456.7,3447.4964873633303,-9.20351263666953,0.0026625141425838314,1.0
section0,annular,201,360.0,compress_force,compress_force:total_compression_abs,3456.7,3447.4964873633303,-9.20351263666953,0.0026625141425838314,1.0
section0,annular,201,360.0,lever_L,lever:total_comp_to_tension:L,0.461,0.46001061187932557,-0.0009893881206744504,0.0021461781359532546,1.0
section0,annular,201,360.0,lever_L,lever:concrete_comp_to_tension:L,0.461,0.4536747843903723,-0.007325215609627733,0.01588983863259812,1.0
section0,annular,201,360.0,lever_L,lever:moment_over_total_compression:L,0.461,0.45241693324166415,-0.008583066758335867,0.01861836607014288,1.0
section0,annular,201,360.0,lever_DX,lever:total_comp_to_tension:DX,-0.461,1.439072978258765e-17,0.461,1.0,0.0
section0,annular,201,360.0,lever_DX,lever:concrete_comp_to_tension:DX,-0.461,7.725076421518495e-18,0.461,1.0,0.0
section0,annular,201,360.0,lever_DY,lever:total_comp_to_tension:DY,0.0,0.46001061187932557,0.46001061187932557,460010611879.32556,
section0,annular,201,360.0,lever_DY,lever:total_comp_to_tension:DY_negated,0.0,-0.46001061187932557,-0.46001061187932557,460010611879.32556,
section0,annular,201,360.0,lever_DY,lever:concrete_comp_to_tension:DY,0.0,0.4536747843903723,0.4536747843903723,453674784390.3723,
section0,annular,201,360.0,lever_DY,lever:concrete_comp_to_tension:DY_negated,0.0,-0.4536747843903723,-0.4536747843903723,453674784390.3723,
sectioniv,annular,202,0.0,strain_mild,strain_mild:max_tension,-6.4,6.481661425854496,12.881661425854496,2.0127595977897648,0.0
sectioniv,annular,202,0.0,strain_mild,strain_mild:max_compression,-6.4,-2.886601811818998,3.5133981881810024,0.5489684669032816,1.0
sectioniv,annular,202,0.0,strain_mild,strain_mild:governing_abs_signed,-6.4,6.481661425854496,12.881661425854496,2.0127595977897648,0.0
sectioniv,annular,202,0.0,compress_force,compress_force:concrete_only,2551.3,1161.87798027318,-1389.4220197268203,0.5445937442585428,1.0
sectioniv,annular,202,0.0,compress_force,compress_force:concrete_plus_comp_rebar,2551.3,2543.9124627828105,-7.387537217189674,0.00289559723168176,1.0
sectioniv,annular,202,0.0,compress_force,compress_force:concrete_plus_all_comp_steel,2551.3,2543.9124627828105,-7.387537217189674,0.00289559723168176,1.0
sectioniv,annular,202,0.0,compress_force,compress_force:total_compression_abs,2551.3,2543.91246278281,-7.387537217190129,0.002895597231681938,1.0
sectioniv,annular,202,0.0,lever_L,lever:total_comp_to_tension:L,0.346,0.34591857692743244,-8.142307256753245e-05,0.00023532679932812848,1.0
sectioniv,annular,202,0.0,lever_L,lever:concrete_comp_to_tension:L,0.346,0.34122539951438013,-0.00477460048561984,0.01379942336884347,1.0
sectioniv,annular,202,0.0,lever_L,lever:moment_over_total_compression:L,0.346,0.3423504725391611,-0.003649527460838853,0.010547767227857958,1.0
sectioniv,annular,202,0.0,lever_DX,lever:total_comp_to_tension:DX,-0.346,-5.264131274652242e-18,0.346,1.0,1.0
sectioniv,annular,202,0.0,lever_DX,lever:concrete_comp_to_tension:DX,-0.346,-6.0574723702220734e-18,0.346,1.0,1.0
sectioniv,annular,202,0.0,lever_DY,lever:total_comp_to_tension:DY,0.0,0.34591857692743244,0.34591857692743244,345918576927.43243,
sectioniv,annular,202,0.0,lever_DY,lever:total_comp_to_tension:DY_negated,0.0,-0.34591857692743244,-0.34591857692743244,345918576927.43243,
sectioniv,annular,202,0.0,lever_DY,lever:concrete_comp_to_tension:DY,0.0,0.34122539951438013,0.34122539951438013,341225399514.3801,
sectioniv,annular,202,0.0,lever_DY,lever:concrete_comp_to_tension:DY_negated,0.0,-0.34122539951438013,-0.34122539951438013,341225399514.3801,
sectioniv,annular,202,45.0,strain_mild,strain_mild:max_tension,-6.4,6.415233247839225,12.815233247839226,2.002380194974879,0.0
sectioniv,annular,202,45.0,strain_mild,strain_mild:max_compression,-6.4,-2.8966921568775064,3.503307843122494,0.5473918504878896,1.0
sectioniv,annular,202,45.0,strain_mild,strain_mild:governing_abs_signed,-6.4,6.415233247839225,12.815233247839226,2.002380194974879,0.0
sectioniv,annular,202,45.0,compress_force,compress_force:concrete_only,2541.7,1175.0682890153385,-1366.6317109846614,0.5376841133826421,1.0
sectioniv,annular,202,45.0,compress_force,compress_force:concrete_plus_comp_rebar,2541.7,2536.5012560326986,-5.198743967301198,0.00204538063788063,1.0
sectioniv,annular,202,45.0,compress_force,compress_force:concrete_plus_all_comp_steel,2541.7,2536.5012560326986,-5.198743967301198,0.00204538063788063,1.0
sectioniv,annular,202,45.0,compress_force,compress_force:total_compression_abs,2541.7,2536.501256032698,-5.1987439673016524,0.0020453806378808092,1.0
sectioniv,annular,202,45.0,lever_L,lever:total_comp_to_tension:L,0.348,0.34680115400153333,-0.0011988459984666466,0.003444959765708755,1.0
sectioniv,annular,202,45.0,lever_L,lever:concrete_comp_to_tension:L,0.348,0.3413577550183668,-0.006642244981633183,0.019086910866762022,1.0
sectioniv,annular,202,45.0,lever_L,lever:moment_over_total_compression:L,0.348,0.3431981953926268,-0.004801804607373172,0.013798289101647048,1.0
sectioniv,annular,202,45.0,lever_DX,lever:total_comp_to_tension:DX,-0.245,-0.0007381220715342392,0.24426187792846576,0.9969872568508807,1.0
sectioniv,annular,202,45.0,lever_DX,lever:concrete_comp_to_tension:DX,-0.245,-0.000927112659605427,0.24407288734039456,0.996215866695488,1.0
sectioniv,annular,202,45.0,lever_DY,lever:total_comp_to_tension:DY,0.246,0.34680036850124996,0.10080036850124996,0.4097575955335364,1.0
sectioniv,annular,202,45.0,lever_DY,lever:total_comp_to_tension:DY_negated,0.246,-0.34680036850124996,-0.59280036850125,2.4097575955335366,0.0
sectioniv,annular,202,45.0,lever_DY,lever:concrete_comp_to_tension:DY,0.246,0.3413564960174271,0.09535649601742713,0.3876280325911672,1.0
sectioniv,annular,202,45.0,lever_DY,lever:concrete_comp_to_tension:DY_negated,0.246,-0.3413564960174271,-0.5873564960174271,2.3876280325911674,0.0
sectioniv,annular,202,90.0,strain_mild,strain_mild:max_tension,-6.2,6.171661404791732,12.371661404791732,1.995429258837376,0.0
sectioniv,annular,202,90.0,strain_mild,strain_mild:max_compression,-6.2,-2.8286088705866907,3.3713911294133094,0.5437727628085983,1.0
sectioniv,annular,202,90.0,strain_mild,strain_mild:governing_abs_signed,-6.2,6.171661404791732,12.371661404791732,1.995429258837376,0.0
sectioniv,annular,202,90.0,compress_force,compress_force:concrete_only,2529.5,1185.3205639019966,-1344.1794360980034,0.5314012398094499,1.0
sectioniv,annular,202,90.0,compress_force,compress_force:concrete_plus_comp_rebar,2529.5,2525.949372994558,-3.5506270054420384,0.001403687292129685,1.0
sectioniv,annular,202,90.0,compress_force,compress_force:concrete_plus_all_comp_steel,2529.5,2525.949372994558,-3.5506270054420384,0.001403687292129685,1.0
sectioniv,annular,202,90.0,compress_force,compress_force:total_compression_abs,2529.5,2525.949372994558,-3.5506270054420384,0.001403687292129685,1.0
sectioniv,annular,202,90.0,lever_L,lever:total_comp_to_tension:L,0.35,0.34890451882062,-0.0010954811793799646,0.003129946226799899,1.0
sectioniv,annular,202,90.0,lever_L,lever:concrete_comp_to_tension:L,0.35,0.3422942869220902,-0.007705713077909793,0.022016323079742266,1.0
sectioniv,annular,202,90.0,lever_L,lever:moment_over_total_compression:L,0.35,0.3452454743971091,-0.004754525602890858,0.013584358865402452,1.0
sectioniv,annular,202,90.0,lever_DX,lever:total_comp_to_tension:DX,0.0,1.524513702097277e-18,1.524513702097277e-18,1.524513702097277e-06,
sectioniv,annular,202,90.0,lever_DX,lever:concrete_comp_to_tension:DX,0.0,-2.7457407108106707e-18,-2.7457407108106707e-18,2.7457407108106706e-06,
sectioniv,annular,202,90.0,lever_DY,lever:total_comp_to_tension:DY,0.35,0.34890451882062,-0.0010954811793799646,0.003129946226799899,1.0
sectioniv,annular,202,90.0,lever_DY,lever:total_comp_to_tension:DY_negated,0.35,-0.34890451882062,-0.69890451882062,1.9968700537732,0.0
sectioniv,annular,202,90.0,lever_DY,lever:concrete_comp_to_tension:DY,0.35,0.3422942869220902,-0.007705713077909793,0.022016323079742266,1.0
sectioniv,annular,202,90.0,lever_DY,lever:concrete_comp_to_tension:DY_negated,0.35,-0.3422942869220902,-0.6922942869220902,1.9779836769202577,0.0
sectioniv,annular,202,135.0,strain_mild,strain_mild:max_tension,-6.4,6.415233247839224,12.815233247839224,2.0023801949748785,0.0
sectioniv,annular,202,135.0,strain_mild,strain_mild:max_compression,-6.4,-2.896692156877507,3.5033078431224935,0.5473918504878896,1.0
sectioniv,annular,202,135.0,strain_mild,strain_mild:governing_abs_signed,-6.4,6.415233247839224,12.815233247839224,2.0023801949748785,0.0
sectioniv,annular,202,135.0,compress_force,compress_force:concrete_only,2541.7,1175.0682890153382,-1366.6317109846616,0.5376841133826422,1.0
sectioniv,annular,202,135.0,compress_force,compress_force:concrete_plus_comp_rebar,2541.7,2536.5012560326986,-5.198743967301198,0.00204538063788063,1.0
sectioniv,annular,202,135.0,compress_force,compress_force:concrete_plus_all_comp_steel,2541.7,2536.5012560326986,-5.198743967301198,0.00204538063788063,1.0
sectioniv,annular,202,135.0,compress_force,compress_force:total_compression_abs,2541.7,2536.501256032698,-5.1987439673016524,0.0020453806378808092,1.0
sectioniv,annular,202,135.0,lever_L,lever:total_comp_to_tension:L,0.348,0.3468011540015333,-0.0011988459984667021,0.0034449597657089143,1.0
sectioniv,annular,202,135.0,lever_L,lever:concrete_comp_to_tension:L,0.348,0.3413577550183668,-0.006642244981633183,0.019086910866762022,1.0
sectioniv,annular,202,135.0,lever_L,lever:moment_over_total_compression:L,0.348,0.3431981953926268,-0.004801804607373172,0.013798289101647048,1.0
sectioniv,annular,202,135.0,lever_DX,lever:total_comp_to_tension:DX,0.245,0.0007381220715342663,-0.24426187792846574,0.9969872568508806,1.0
sectioniv,annular,202,135.0,lever_DX,lever:concrete_comp_to_tension:DX,0.245,0.0009271126596054584,-0.24407288734039453,0.9962158666954879,1.0
sectioniv,annular,202,135.0,lever_DY,lever:total_comp_to_tension:DY,0.246,0.3468003685012499,0.1008003685012499,0.4097575955335362,1.0
sectioniv,annular,202,135.0,lever_DY,lever:total_comp_to_tension:DY_negated,0.246,-0.3468003685012499,-0.59280036850125,2.4097575955335366,0.0
sectioniv,annular,202,135.0,lever_DY,lever:concrete_comp_to_tension:DY,0.246,0.3413564960174271,0.09535649601742713,0.3876280325911672,1.0
sectioniv,annular,202,135.0,lever_DY,lever:concrete_comp_to_tension:DY_negated,0.246,-0.3413564960174271,-0.5873564960174271,2.3876280325911674,0.0
sectioniv,annular,202,180.0,strain_mild,strain_mild:max_tension,-6.4,6.481661425854496,12.881661425854496,2.0127595977897648,0.0
sectioniv,annular,202,180.0,strain_mild,strain_mild:max_compression,-6.4,-2.886601811818998,3.5133981881810024,0.5489684669032816,1.0
sectioniv,annular,202,180.0,strain_mild,strain_mild:governing_abs_signed,-6.4,6.481661425854496,12.881661425854496,2.0127595977897648,0.0
sectioniv,annular,202,180.0,compress_force,compress_force:concrete_only,2551.3,1161.87798027318,-1389.4220197268203,0.5445937442585428,1.0
sectioniv,annular,202,180.0,compress_force,compress_force:concrete_plus_comp_rebar,2551.3,2543.91246278281,-7.387537217190129,0.002895597231681938,1.0
sectioniv,annular,202,180.0,compress_force,compress_force:concrete_plus_all_comp_steel,2551.3,2543.91246278281,-7.387537217190129,0.002895597231681938,1.0
sectioniv,annular,202,180.0,compress_force,compress_force:total_compression_abs,2551.3,2543.91246278281,-7.387537217190129,0.002895597231681938,1.0
sectioniv,annular,202,180.0,lever_L,lever:total_comp_to_tension:L,0.346,0.3459185769274324,-8.142307256758796e-05,0.00023532679932828892,1.0
sectioniv,annular,202,180.0,lever_L,lever:concrete_comp_to_tension:L,0.346,0.3412253995143801,-0.004774600485619895,0.01379942336884363,1.0
sectioniv,annular,202,180.0,lever_L,lever:moment_over_total_compression:L,0.346,0.3423504725391612,-0.0036495274608387973,0.010547767227857796,1.0
sectioniv,annular,202,180.0,lever_DX,lever:total_comp_to_tension:DX,0.346,-1.084340091068957e-17,-0.346,1.0,0.0
sectioniv,annular,202,180.0,lever_DX,lever:concrete_comp_to_tension:DX,0.346,-1.3157596701503515e-17,-0.346,1.0,0.0
sectioniv,annular,202,180.0,lever_DY,lever:total_comp_to_tension:DY,0.0,0.3459185769274324,0.3459185769274324,345918576927.4324,
sectioniv,annular,202,180.0,lever_DY,lever:total_comp_to_tension:DY_negated,0.0,-0.3459185769274324,-0.3459185769274324,345918576927.4324,
sectioniv,annular,202,180.0,lever_DY,lever:concrete_comp_to_tension:DY,0.0,0.3412253995143801,0.3412253995143801,341225399514.38007,
sectioniv,annular,202,180.0,lever_DY,lever:concrete_comp_to_tension:DY_negated,0.0,-0.3412253995143801,-0.3412253995143801,341225399514.38007,
sectioniv,annular,202,225.0,strain_mild,strain_mild:max_tension,-6.4,6.415233247839226,12.815233247839227,2.002380194974879,0.0
sectioniv,annular,202,225.0,strain_mild,strain_mild:max_compression,-6.4,-2.8966921568775073,3.503307843122493,0.5473918504878895,1.0
sectioniv,annular,202,225.0,strain_mild,strain_mild:governing_abs_signed,-6.4,6.415233247839226,12.815233247839227,2.002380194974879,0.0
sectioniv,annular,202,225.0,compress_force,compress_force:concrete_only,2541.7,1175.0682890153378,-1366.631710984662,0.5376841133826424,1.0
sectioniv,annular,202,225.0,compress_force,compress_force:concrete_plus_comp_rebar,2541.7,2536.5012560326977,-5.198743967302107,0.0020453806378809883,1.0
sectioniv,annular,202,225.0,compress_force,compress_force:concrete_plus_all_comp_steel,2541.7,2536.5012560326977,-5.198743967302107,0.0020453806378809883,1.0
sectioniv,annular,202,225.0,compress_force,compress_force:total_compression_abs,2541.7,2536.5012560326977,-5.198743967302107,0.0020453806378809883,1.0
sectioniv,annular,202,225.0,lever_L,lever:total_comp_to_tension:L,0.348,0.34680115400153333,-0.0011988459984666466,0.003444959765708755,1.0
sectioniv,annular,202,225.0,lever_L,lever:concrete_comp_to_tension:L,0.348,0.341357755018367,-0.006642244981632961,0.019086910866761383,1.0
sectioniv,annular,202,225.0,lever_L,lever:moment_over_total_compression:L,0.348,0.3431981953926268,-0.004801804607373172,0.013798289101647048,1.0
sectioniv,annular,202,225.0,lever_DX,lever:total_comp_to_tension:DX,0.245,-0.0007381220715342236,-0.24573812207153423,1.0030127431491194,0.0
sectioniv,annular,202,225.0,lever_DX,lever:concrete_comp_to_tension:DX,0.245,-0.0009271126596054114,-0.2459271126596054,1.0037841333045119,0.0
sectioniv,annular,202,225.0,lever_DY,lever:total_comp_to_tension:DY,-0.246,0.34680036850124996,0.59280036850125,2.4097575955335366,0.0
sectioniv,annular,202,225.0,lever_DY,lever:total_comp_to_tension:DY_negated,-0.246,-0.34680036850124996,-0.10080036850124996,0.4097575955335364,1.0
sectioniv,annular,202,225.0,lever_DY,lever:concrete_comp_to_tension:DY,-0.246,0.3413564960174273,0.5873564960174273,2.3876280325911683,0.0
sectioniv,annular,202,225.0,lever_DY,lever:concrete_comp_to_tension:DY_negated,-0.246,-0.3413564960174273,-0.0953564960174273,0.38762803259116785,1.0
sectioniv,annular,202,270.0,strain_mild,strain_mild:max_tension,-6.2,6.171661404791732,12.371661404791732,1.995429258837376,0.0
sectioniv,annular,202,270.0,strain_mild,strain_mild:max_compression,-6.2,-2.8286088705866907,3.3713911294133094,0.5437727628085983,1.0
sectioniv,annular,202,270.0,strain_mild,strain_mild:governing_abs_signed,-6.2,6.171661404791732,12.371661404791732,1.995429258837376,0.0
sectioniv,annular,202,270.0,compress_force,compress_force:concrete_only,2529.5,1185.3205639019968,-1344.1794360980032,0.5314012398094498,1.0
sectioniv,annular,202,270.0,compress_force,compress_force:concrete_plus_comp_rebar,2529.5,2525.949372994558,-3.5506270054420384,0.001403687292129685,1.0
sectioniv,annular,202,270.0,compress_force,compress_force:concrete_plus_all_comp_steel,2529.5,2525.949372994558,-3.5506270054420384,0.001403687292129685,1.0
sectioniv,annular,202,270.0,compress_force,compress_force:total_compression_abs,2529.5,2525.949372994558,-3.5506270054420384,0.001403687292129685,1.0
sectioniv,annular,202,270.0,lever_L,lever:total_comp_to_tension:L,0.35,0.34890451882062,-0.0010954811793799646,0.003129946226799899,1.0
sectioniv,annular,202,270.0,lever_L,lever:concrete_comp_to_tension:L,0.35,0.3422942869220902,-0.007705713077909793,0.022016323079742266,1.0
sectioniv,annular,202,270.0,lever_L,lever:moment_over_total_compression:L,0.35,0.34524547439710906,-0.004754525602890913,0.01358435886540261,1.0
sectioniv,annular,202,270.0,lever_DX,lever:total_comp_to_tension:DX,0.0,-2.6108883672036394e-17,-2.6108883672036394e-17,2.6108883672036395e-05,
sectioniv,annular,202,270.0,lever_DX,lever:concrete_comp_to_tension:DX,0.0,-3.230906536670661e-17,-3.230906536670661e-17,3.2309065366706614e-05,
sectioniv,annular,202,270.0,lever_DY,lever:total_comp_to_tension:DY,-0.35,0.34890451882062,0.69890451882062,1.9968700537732,0.0
sectioniv,annular,202,270.0,lever_DY,lever:total_comp_to_tension:DY_negated,-0.35,-0.34890451882062,0.0010954811793799646,0.003129946226799899,1.0
sectioniv,annular,202,270.0,lever_DY,lever:concrete_comp_to_tension:DY,-0.35,0.3422942869220902,0.6922942869220902,1.9779836769202577,0.0
sectioniv,annular,202,270.0,lever_DY,lever:concrete_comp_to_tension:DY_negated,-0.35,-0.3422942869220902,0.007705713077909793,0.022016323079742266,1.0
sectioniv,annular,202,315.0,strain_mild,strain_mild:max_tension,-6.4,6.415233247839226,12.815233247839227,2.002380194974879,0.0
sectioniv,annular,202,315.0,strain_mild,strain_mild:max_compression,-6.4,-2.8966921568775073,3.503307843122493,0.5473918504878895,1.0
sectioniv,annular,202,315.0,strain_mild,strain_mild:governing_abs_signed,-6.4,6.415233247839226,12.815233247839227,2.002380194974879,0.0
sectioniv,annular,202,315.0,compress_force,compress_force:concrete_only,2541.7,1175.0682890153382,-1366.6317109846616,0.5376841133826422,1.0
sectioniv,annular,202,315.0,compress_force,compress_force:concrete_plus_comp_rebar,2541.7,2536.501256032698,-5.1987439673016524,0.0020453806378808092,1.0
sectioniv,annular,202,315.0,compress_force,compress_force:concrete_plus_all_comp_steel,2541.7,2536.501256032698,-5.1987439673016524,0.0020453806378808092,1.0
sectioniv,annular,202,315.0,compress_force,compress_force:total_compression_abs,2541.7,2536.501256032698,-5.1987439673016524,0.0020453806378808092,1.0
sectioniv,annular,202,315.0,lever_L,lever:total_comp_to_tension:L,0.348,0.34680115400153333,-0.0011988459984666466,0.003444959765708755,1.0
sectioniv,annular,202,315.0,lever_L,lever:concrete_comp_to_tension:L,0.348,0.34135775501836696,-0.0066422449816330165,0.019086910866761543,1.0
sectioniv,annular,202,315.0,lever_L,lever:moment_over_total_compression:L,0.348,0.3431981953926268,-0.004801804607373172,0.013798289101647048,1.0
sectioniv,annular,202,315.0,lever_DX,lever:total_comp_to_tension:DX,-0.245,0.0007381220715342369,0.24573812207153423,1.0030127431491194,0.0
sectioniv,annular,202,315.0,lever_DX,lever:concrete_comp_to_tension:DX,-0.245,0.0009271126596054348,0.24592711265960543,1.0037841333045119,0.0
sectioniv,annular,202,315.0,lever_DY,lever:total_comp_to_tension:DY,-0.246,0.34680036850124996,0.59280036850125,2.4097575955335366,0.0
sectioniv,annular,202,315.0,lever_DY,lever:total_comp_to_tension:DY_negated,-0.246,-0.34680036850124996,-0.10080036850124996,0.4097575955335364,1.0
sectioniv,annular,202,315.0,lever_DY,lever:concrete_comp_to_tension:DY,-0.246,0.34135649601742724,0.5873564960174272,2.387628032591168,0.0
sectioniv,annular,202,315.0,lever_DY,lever:concrete_comp_to_tension:DY_negated,-0.246,-0.34135649601742724,-0.09535649601742724,0.3876280325911676,1.0
sectioniv,annular,202,360.0,strain_mild,strain_mild:max_tension,-6.4,6.481661425854496,12.881661425854496,2.0127595977897648,0.0
sectioniv,annular,202,360.0,strain_mild,strain_mild:max_compression,-6.4,-2.886601811818998,3.5133981881810024,0.5489684669032816,1.0
sectioniv,annular,202,360.0,strain_mild,strain_mild:governing_abs_signed,-6.4,6.481661425854496,12.881661425854496,2.0127595977897648,0.0
sectioniv,annular,202,360.0,compress_force,compress_force:concrete_only,2551.3,1161.8779802731801,-1389.42201972682,0.5445937442585427,1.0
sectioniv,annular,202,360.0,compress_force,compress_force:concrete_plus_comp_rebar,2551.3,2543.9124627828105,-7.387537217189674,0.00289559723168176,1.0
sectioniv,annular,202,360.0,compress_force,compress_force:concrete_plus_all_comp_steel,2551.3,2543.9124627828105,-7.387537217189674,0.00289559723168176,1.0
sectioniv,annular,202,360.0,compress_force,compress_force:total_compression_abs,2551.3,2543.9124627828105,-7.387537217189674,0.00289559723168176,1.0
sectioniv,annular,202,360.0,lever_L,lever:total_comp_to_tension:L,0.346,0.34591857692743244,-8.142307256753245e-05,0.00023532679932812848,1.0
sectioniv,annular,202,360.0,lever_L,lever:concrete_comp_to_tension:L,0.346,0.34122539951438013,-0.00477460048561984,0.01379942336884347,1.0
sectioniv,annular,202,360.0,lever_L,lever:moment_over_total_compression:L,0.346,0.3423504725391611,-0.003649527460838853,0.010547767227857958,1.0
sectioniv,annular,202,360.0,lever_DX,lever:total_comp_to_tension:DX,-0.346,-2.881673102355039e-18,0.346,1.0,1.0
sectioniv,annular,202,360.0,lever_DX,lever:concrete_comp_to_tension:DX,-0.346,-8.309123774281738e-18,0.346,1.0,1.0
sectioniv,annular,202,360.0,lever_DY,lever:total_comp_to_tension:DY,0.0,0.34591857692743244,0.34591857692743244,345918576927.43243,
sectioniv,annular,202,360.0,lever_DY,lever:total_comp_to_tension:DY_negated,0.0,-0.34591857692743244,-0.34591857692743244,345918576927.43243,
sectioniv,annular,202,360.0,lever_DY,lever:concrete_comp_to_tension:DY,0.0,0.34122539951438013,0.34122539951438013,341225399514.3801,
sectioniv,annular,202,360.0,lever_DY,lever:concrete_comp_to_tension:DY_negated,0.0,-0.34122539951438013,-0.34122539951438013,341225399514.3801,
