family,load_case,V_deg,output,candidate,ref,calc,rel_error,signed_error,sign_agreement,pivot,candidate_count,selected_candidate_index,bar_ids,bar_force_kN,bar_zone,mild_total_internal_permille,mild_total_legacy_permille,prestress_total_internal_permille,prestress_total_legacy_permille,prestress_incremental_internal_permille,prestress_incremental_legacy_permille
tbeam,3,2.0,strain_mild,A_force_governing_bar_total_legacy,5.024,3.2241731065704418,0.3582457988514248,-1.7998268934295583,1.0,concrete_controls,2,0,S1|S2|S3|S4|S5|S6|S7|S8|S9|S10|S11|S12|S13|S14|S15|S16|S17|S18|S19|S20|S21|S22|S23|S24|S25|S26|S27|S28,-73.65|-73.65|-73.65|-54.0424|15.7503|73.65|73.65|73.65|-73.65|73.65|-73.65|-73.65|-73.65|-52.8238|16.9689|73.65|73.65|73.65|-49.5335|20.2591|-46.1214|23.6712|-43.6842|26.1084|-43.0749|-18.6475|2.2903|26.7177,compression|compression|compression|compression|tension|tension|tension|tension|compression|tension|compression|compression|compression|compression|tension|tension|tension|tension|compression|tension|compression|tension|compression|tension|compression|compression|tension|tension,-3.22417|-2.95765|-1.89157|-0.825495|0.240585|1.30666|2.37274|2.63926|-3.21487|2.64857|-3.20556|-2.93904|-1.87296|-0.806881|0.259199|1.32528|2.39136|2.65788|-0.756622|0.309457|-0.704503|0.361577|-0.667274|0.398805|-0.657967|-0.28484|0.0349842|0.408112,3.22417|2.95765|1.89157|0.825495|-0.240585|-1.30666|-2.37274|-2.63926|3.21487|-2.64857|3.20556|2.93904|1.87296|0.806881|-0.259199|-1.32528|-2.39136|-2.65788|0.756622|-0.309457|0.704503|-0.361577|0.667274|-0.398805|0.657967|0.28484|-0.0349842|-0.408112,,,,
tbeam,3,2.0,strain_mild,B_abs_strain_governing_bar_total_legacy,5.024,3.2241731065704418,0.3582457988514248,-1.7998268934295583,1.0,concrete_controls,2,0,S1|S2|S3|S4|S5|S6|S7|S8|S9|S10|S11|S12|S13|S14|S15|S16|S17|S18|S19|S20|S21|S22|S23|S24|S25|S26|S27|S28,-73.65|-73.65|-73.65|-54.0424|15.7503|73.65|73.65|73.65|-73.65|73.65|-73.65|-73.65|-73.65|-52.8238|16.9689|73.65|73.65|73.65|-49.5335|20.2591|-46.1214|23.6712|-43.6842|26.1084|-43.0749|-18.6475|2.2903|26.7177,compression|compression|compression|compression|tension|tension|tension|tension|compression|tension|compression|compression|compression|compression|tension|tension|tension|tension|compression|tension|compression|tension|compression|tension|compression|compression|tension|tension,-3.22417|-2.95765|-1.89157|-0.825495|0.240585|1.30666|2.37274|2.63926|-3.21487|2.64857|-3.20556|-2.93904|-1.87296|-0.806881|0.259199|1.32528|2.39136|2.65788|-0.756622|0.309457|-0.704503|0.361577|-0.667274|0.398805|-0.657967|-0.28484|0.0349842|0.408112,3.22417|2.95765|1.89157|0.825495|-0.240585|-1.30666|-2.37274|-2.63926|3.21487|-2.64857|3.20556|2.93904|1.87296|0.806881|-0.259199|-1.32528|-2.39136|-2.65788|0.756622|-0.309457|0.704503|-0.361577|0.667274|-0.398805|0.657967|0.28484|-0.0349842|-0.408112,,,,
tbeam,3,2.0,strain_mild,C_extreme_compression_side_bar_total_legacy,5.024,-2.6578770074397466,1.529036028550905,-7.681877007439747,0.0,concrete_controls,2,0,S1|S2|S3|S4|S5|S6|S7|S8|S9|S10|S11|S12|S13|S14|S15|S16|S17|S18|S19|S20|S21|S22|S23|S24|S25|S26|S27|S28,-73.65|-73.65|-73.65|-54.0424|15.7503|73.65|73.65|73.65|-73.65|73.65|-73.65|-73.65|-73.65|-52.8238|16.9689|73.65|73.65|73.65|-49.5335|20.2591|-46.1214|23.6712|-43.6842|26.1084|-43.0749|-18.6475|2.2903|26.7177,compression|compression|compression|compression|tension|tension|tension|tension|compression|tension|compression|compression|compression|compression|tension|tension|tension|tension|compression|tension|compression|tension|compression|tension|compression|compression|tension|tension,-3.22417|-2.95765|-1.89157|-0.825495|0.240585|1.30666|2.37274|2.63926|-3.21487|2.64857|-3.20556|-2.93904|-1.87296|-0.806881|0.259199|1.32528|2.39136|2.65788|-0.756622|0.309457|-0.704503|0.361577|-0.667274|0.398805|-0.657967|-0.28484|0.0349842|0.408112,3.22417|2.95765|1.89157|0.825495|-0.240585|-1.30666|-2.37274|-2.63926|3.21487|-2.64857|3.20556|2.93904|1.87296|0.806881|-0.259199|-1.32528|-2.39136|-2.65788|0.756622|-0.309457|0.704503|-0.361577|0.667274|-0.398805|0.657967|0.28484|-0.0349842|-0.408112,,,,
tbeam,3,2.0,strain_mild,D_extreme_tension_side_bar_total_legacy,5.024,3.2241731065704418,0.3582457988514248,-1.7998268934295583,1.0,concrete_controls,2,0,S1|S2|S3|S4|S5|S6|S7|S8|S9|S10|S11|S12|S13|S14|S15|S16|S17|S18|S19|S20|S21|S22|S23|S24|S25|S26|S27|S28,-73.65|-73.65|-73.65|-54.0424|15.7503|73.65|73.65|73.65|-73.65|73.65|-73.65|-73.65|-73.65|-52.8238|16.9689|73.65|73.65|73.65|-49.5335|20.2591|-46.1214|23.6712|-43.6842|26.1084|-43.0749|-18.6475|2.2903|26.7177,compression|compression|compression|compression|tension|tension|tension|tension|compression|tension|compression|compression|compression|compression|tension|tension|tension|tension|compression|tension|compression|tension|compression|tension|compression|compression|tension|tension,-3.22417|-2.95765|-1.89157|-0.825495|0.240585|1.30666|2.37274|2.63926|-3.21487|2.64857|-3.20556|-2.93904|-1.87296|-0.806881|0.259199|1.32528|2.39136|2.65788|-0.756622|0.309457|-0.704503|0.361577|-0.667274|0.398805|-0.657967|-0.28484|0.0349842|0.408112,3.22417|2.95765|1.89157|0.825495|-0.240585|-1.30666|-2.37274|-2.63926|3.21487|-2.64857|3.20556|2.93904|1.87296|0.806881|-0.259199|-1.32528|-2.39136|-2.65788|0.756622|-0.309457|0.704503|-0.361577|0.667274|-0.398805|0.657967|0.28484|-0.0349842|-0.408112,,,,
tbeam,3,2.0,strain_mild,E_max_algebraic_legacy_reported,5.024,3.2241731065704418,0.3582457988514248,-1.7998268934295583,1.0,concrete_controls,2,0,S1|S2|S3|S4|S5|S6|S7|S8|S9|S10|S11|S12|S13|S14|S15|S16|S17|S18|S19|S20|S21|S22|S23|S24|S25|S26|S27|S28,-73.65|-73.65|-73.65|-54.0424|15.7503|73.65|73.65|73.65|-73.65|73.65|-73.65|-73.65|-73.65|-52.8238|16.9689|73.65|73.65|73.65|-49.5335|20.2591|-46.1214|23.6712|-43.6842|26.1084|-43.0749|-18.6475|2.2903|26.7177,compression|compression|compression|compression|tension|tension|tension|tension|compression|tension|compression|compression|compression|compression|tension|tension|tension|tension|compression|tension|compression|tension|compression|tension|compression|compression|tension|tension,-3.22417|-2.95765|-1.89157|-0.825495|0.240585|1.30666|2.37274|2.63926|-3.21487|2.64857|-3.20556|-2.93904|-1.87296|-0.806881|0.259199|1.32528|2.39136|2.65788|-0.756622|0.309457|-0.704503|0.361577|-0.667274|0.398805|-0.657967|-0.28484|0.0349842|0.408112,3.22417|2.95765|1.89157|0.825495|-0.240585|-1.30666|-2.37274|-2.63926|3.21487|-2.64857|3.20556|2.93904|1.87296|0.806881|-0.259199|-1.32528|-2.39136|-2.65788|0.756622|-0.309457|0.704503|-0.361577|0.667274|-0.398805|0.657967|0.28484|-0.0349842|-0.408112,,,,
tbeam,3,2.0,strain_mild,F_min_algebraic_legacy_reported,5.024,-2.6578770074397466,1.529036028550905,-7.681877007439747,0.0,concrete_controls,2,0,S1|S2|S3|S4|S5|S6|S7|S8|S9|S10|S11|S12|S13|S14|S15|S16|S17|S18|S19|S20|S21|S22|S23|S24|S25|S26|S27|S28,-73.65|-73.65|-73.65|-54.0424|15.7503|73.65|73.65|73.65|-73.65|73.65|-73.65|-73.65|-73.65|-52.8238|16.9689|73.65|73.65|73.65|-49.5335|20.2591|-46.1214|23.6712|-43.6842|26.1084|-43.0749|-18.6475|2.2903|26.7177,compression|compression|compression|compression|tension|tension|tension|tension|compression|tension|compression|compression|compression|compression|tension|tension|tension|tension|compression|tension|compression|tension|compression|tension|compression|compression|tension|tension,-3.22417|-2.95765|-1.89157|-0.825495|0.240585|1.30666|2.37274|2.63926|-3.21487|2.64857|-3.20556|-2.93904|-1.87296|-0.806881|0.259199|1.32528|2.39136|2.65788|-0.756622|0.309457|-0.704503|0.361577|-0.667274|0.398805|-0.657967|-0.28484|0.0349842|0.408112,3.22417|2.95765|1.89157|0.825495|-0.240585|-1.30666|-2.37274|-2.63926|3.21487|-2.64857|3.20556|2.93904|1.87296|0.806881|-0.259199|-1.32528|-2.39136|-2.65788|0.756622|-0.309457|0.704503|-0.361577|0.667274|-0.398805|0.657967|0.28484|-0.0349842|-0.408112,,,,
tbeam,3,2.0,strain_mild,G_current_solver_reported,5.024,3.2241731065704418,0.3582457988514248,-1.7998268934295583,1.0,concrete_controls,2,0,S1|S2|S3|S4|S5|S6|S7|S8|S9|S10|S11|S12|S13|S14|S15|S16|S17|S18|S19|S20|S21|S22|S23|S24|S25|S26|S27|S28,-73.65|-73.65|-73.65|-54.0424|15.7503|73.65|73.65|73.65|-73.65|73.65|-73.65|-73.65|-73.65|-52.8238|16.9689|73.65|73.65|73.65|-49.5335|20.2591|-46.1214|23.6712|-43.6842|26.1084|-43.0749|-18.6475|2.2903|26.7177,compression|compression|compression|compression|tension|tension|tension|tension|compression|tension|compression|compression|compression|compression|tension|tension|tension|tension|compression|tension|compression|tension|compression|tension|compression|compression|tension|tension,-3.22417|-2.95765|-1.89157|-0.825495|0.240585|1.30666|2.37274|2.63926|-3.21487|2.64857|-3.20556|-2.93904|-1.87296|-0.806881|0.259199|1.32528|2.39136|2.65788|-0.756622|0.309457|-0.704503|0.361577|-0.667274|0.398805|-0.657967|-0.28484|0.0349842|0.408112,3.22417|2.95765|1.89157|0.825495|-0.240585|-1.30666|-2.37274|-2.63926|3.21487|-2.64857|3.20556|2.93904|1.87296|0.806881|-0.259199|-1.32528|-2.39136|-2.65788|0.756622|-0.309457|0.704503|-0.361577|0.667274|-0.398805|0.657967|0.28484|-0.0349842|-0.408112,,,,
tbeam,3,5.0,strain_mild,A_force_governing_bar_total_legacy,7.82,3.2234156065238535,0.5877985157897886,-4.596584393476147,1.0,concrete_controls,2,0,S1|S2|S3|S4|S5|S6|S7|S8|S9|S10|S11|S12|S13|S14|S15|S16|S17|S18|S19|S20|S21|S22|S23|S24|S25|S26|S27|S28,-73.65|-73.65|-73.65|-61.1732|5.42817|72.0295|73.65|73.65|-73.65|73.65|-73.65|-73.65|-73.65|-58.2598|8.3416|73.65|73.65|73.65|-50.3935|16.2079|-42.2359|24.3655|-36.409|30.1923|-34.9523|-11.6418|8.33858|31.6491,compression|compression|compression|compression|tension|tension|tension|tension|compression|tension|compression|compression|compression|compression|tension|tension|tension|tension|compression|tension|compression|tension|compression|tension|compression|compression|tension|tension,-3.22342|-2.96908|-1.95175|-0.934417|0.0829151|1.10025|2.11758|2.37191|-3.20116|2.39416|-3.17891|-2.92458|-1.90725|-0.889915|0.127418|1.14475|2.16208|2.41642|-0.769758|0.247574|-0.645151|0.372182|-0.556146|0.461187|-0.533895|-0.177828|0.127371|0.483438,3.22342|2.96908|1.95175|0.934417|-0.0829151|-1.10025|-2.11758|-2.37191|3.20116|-2.39416|3.17891|2.92458|1.90725|0.889915|-0.127418|-1.14475|-2.16208|-2.41642|0.769758|-0.247574|0.645151|-0.372182|0.556146|-0.461187|0.533895|0.177828|-0.127371|-0.483438,,,,
tbeam,3,5.0,strain_mild,B_abs_strain_governing_bar_total_legacy,7.82,3.2234156065238535,0.5877985157897886,-4.596584393476147,1.0,concrete_controls,2,0,S1|S2|S3|S4|S5|S6|S7|S8|S9|S10|S11|S12|S13|S14|S15|S16|S17|S18|S19|S20|S21|S22|S23|S24|S25|S26|S27|S28,-73.65|-73.65|-73.65|-61.1732|5.42817|72.0295|73.65|73.65|-73.65|73.65|-73.65|-73.65|-73.65|-58.2598|8.3416|73.65|73.65|73.65|-50.3935|16.2079|-42.2359|24.3655|-36.409|30.1923|-34.9523|-11.6418|8.33858|31.6491,compression|compression|compression|compression|tension|tension|tension|tension|compression|tension|compression|compression|compression|compression|tension|tension|tension|tension|compression|tension|compression|tension|compression|tension|compression|compression|tension|tension,-3.22342|-2.96908|-1.95175|-0.934417|0.0829151|1.10025|2.11758|2.37191|-3.20116|2.39416|-3.17891|-2.92458|-1.90725|-0.889915|0.127418|1.14475|2.16208|2.41642|-0.769758|0.247574|-0.645151|0.372182|-0.556146|0.461187|-0.533895|-0.177828|0.127371|0.483438,3.22342|2.96908|1.95175|0.934417|-0.0829151|-1.10025|-2.11758|-2.37191|3.20116|-2.39416|3.17891|2.92458|1.90725|0.889915|-0.127418|-1.14475|-2.16208|-2.41642|0.769758|-0.247574|0.645151|-0.372182|0.556146|-0.461187|0.533895|0.177828|-0.127371|-0.483438,,,,
tbeam,3,5.0,strain_mild,C_extreme_compression_side_bar_total_legacy,7.82,-2.41641574074216,1.309004570427386,-10.23641574074216,0.0,concrete_controls,2,0,S1|S2|S3|S4|S5|S6|S7|S8|S9|S10|S11|S12|S13|S14|S15|S16|S17|S18|S19|S20|S21|S22|S23|S24|S25|S26|S27|S28,-73.65|-73.65|-73.65|-61.1732|5.42817|72.0295|73.65|73.65|-73.65|73.65|-73.65|-73.65|-73.65|-58.2598|8.3416|73.65|73.65|73.65|-50.3935|16.2079|-42.2359|24.3655|-36.409|30.1923|-34.9523|-11.6418|8.33858|31.6491,compression|compression|compression|compression|tension|tension|tension|tension|compression|tension|compression|compression|compression|compression|tension|tension|tension|tension|compression|tension|compression|tension|compression|tension|compression|compression|tension|tension,-3.22342|-2.96908|-1.95175|-0.934417|0.0829151|1.10025|2.11758|2.37191|-3.20116|2.39416|-3.17891|-2.92458|-1.90725|-0.889915|0.127418|1.14475|2.16208|2.41642|-0.769758|0.247574|-0.645151|0.372182|-0.556146|0.461187|-0.533895|-0.177828|0.127371|0.483438,3.22342|2.96908|1.95175|0.934417|-0.0829151|-1.10025|-2.11758|-2.37191|3.20116|-2.39416|3.17891|2.92458|1.90725|0.889915|-0.127418|-1.14475|-2.16208|-2.41642|0.769758|-0.247574|0.645151|-0.372182|0.556146|-0.461187|0.533895|0.177828|-0.127371|-0.483438,,,,
tbeam,3,5.0,strain_mild,D_extreme_tension_side_bar_total_legacy,7.82,3.2234156065238535,0.5877985157897886,-4.596584393476147,1.0,concrete_controls,2,0,S1|S2|S3|S4|S5|S6|S7|S8|S9|S10|S11|S12|S13|S14|S15|S16|S17|S18|S19|S20|S21|S22|S23|S24|S25|S26|S27|S28,-73.65|-73.65|-73.65|-61.1732|5.42817|72.0295|73.65|73.65|-73.65|73.65|-73.65|-73.65|-73.65|-58.2598|8.3416|73.65|73.65|73.65|-50.3935|16.2079|-42.2359|24.3655|-36.409|30.1923|-34.9523|-11.6418|8.33858|31.6491,compression|compression|compression|compression|tension|tension|tension|tension|compression|tension|compression|compression|compression|compression|tension|tension|tension|tension|compression|tension|compression|tension|compression|tension|compression|compression|tension|tension,-3.22342|-2.96908|-1.95175|-0.934417|0.0829151|1.10025|2.11758|2.37191|-3.20116|2.39416|-3.17891|-2.92458|-1.90725|-0.889915|0.127418|1.14475|2.16208|2.41642|-0.769758|0.247574|-0.645151|0.372182|-0.556146|0.461187|-0.533895|-0.177828|0.127371|0.483438,3.22342|2.96908|1.95175|0.934417|-0.0829151|-1.10025|-2.11758|-2.37191|3.20116|-2.39416|3.17891|2.92458|1.90725|0.889915|-0.127418|-1.14475|-2.16208|-2.41642|0.769758|-0.247574|0.645151|-0.372182|0.556146|-0.461187|0.533895|0.177828|-0.127371|-0.483438,,,,
tbeam,3,5.0,strain_mild,E_max_algebraic_legacy_reported,7.82,3.2234156065238535,0.5877985157897886,-4.596584393476147,1.0,concrete_controls,2,0,S1|S2|S3|S4|S5|S6|S7|S8|S9|S10|S11|S12|S13|S14|S15|S16|S17|S18|S19|S20|S21|S22|S23|S24|S25|S26|S27|S28,-73.65|-73.65|-73.65|-61.1732|5.42817|72.0295|73.65|73.65|-73.65|73.65|-73.65|-73.65|-73.65|-58.2598|8.3416|73.65|73.65|73.65|-50.3935|16.2079|-42.2359|24.3655|-36.409|30.1923|-34.9523|-11.6418|8.33858|31.6491,compression|compression|compression|compression|tension|tension|tension|tension|compression|tension|compression|compression|compression|compression|tension|tension|tension|tension|compression|tension|compression|tension|compression|tension|compression|compression|tension|tension,-3.22342|-2.96908|-1.95175|-0.934417|0.0829151|1.10025|2.11758|2.37191|-3.20116|2.39416|-3.17891|-2.92458|-1.90725|-0.889915|0.127418|1.14475|2.16208|2.41642|-0.769758|0.247574|-0.645151|0.372182|-0.556146|0.461187|-0.533895|-0.177828|0.127371|0.483438,3.22342|2.96908|1.95175|0.934417|-0.0829151|-1.10025|-2.11758|-2.37191|3.20116|-2.39416|3.17891|2.92458|1.90725|0.889915|-0.127418|-1.14475|-2.16208|-2.41642|0.769758|-0.247574|0.645151|-0.372182|0.556146|-0.461187|0.533895|0.177828|-0.127371|-0.483438,,,,
tbeam,3,5.0,strain_mild,F_min_algebraic_legacy_reported,7.82,-2.41641574074216,1.309004570427386,-10.23641574074216,0.0,concrete_controls,2,0,S1|S2|S3|S4|S5|S6|S7|S8|S9|S10|S11|S12|S13|S14|S15|S16|S17|S18|S19|S20|S21|S22|S23|S24|S25|S26|S27|S28,-73.65|-73.65|-73.65|-61.1732|5.42817|72.0295|73.65|73.65|-73.65|73.65|-73.65|-73.65|-73.65|-58.2598|8.3416|73.65|73.65|73.65|-50.3935|16.2079|-42.2359|24.3655|-36.409|30.1923|-34.9523|-11.6418|8.33858|31.6491,compression|compression|compression|compression|tension|tension|tension|tension|compression|tension|compression|compression|compression|compression|tension|tension|tension|tension|compression|tension|compression|tension|compression|tension|compression|compression|tension|tension,-3.22342|-2.96908|-1.95175|-0.934417|0.0829151|1.10025|2.11758|2.37191|-3.20116|2.39416|-3.17891|-2.92458|-1.90725|-0.889915|0.127418|1.14475|2.16208|2.41642|-0.769758|0.247574|-0.645151|0.372182|-0.556146|0.461187|-0.533895|-0.177828|0.127371|0.483438,3.22342|2.96908|1.95175|0.934417|-0.0829151|-1.10025|-2.11758|-2.37191|3.20116|-2.39416|3.17891|2.92458|1.90725|0.889915|-0.127418|-1.14475|-2.16208|-2.41642|0.769758|-0.247574|0.645151|-0.372182|0.556146|-0.461187|0.533895|0.177828|-0.127371|-0.483438,,,,
tbeam,3,5.0,strain_mild,G_current_solver_reported,7.82,3.2234156065238535,0.5877985157897886,-4.596584393476147,1.0,concrete_controls,2,0,S1|S2|S3|S4|S5|S6|S7|S8|S9|S10|S11|S12|S13|S14|S15|S16|S17|S18|S19|S20|S21|S22|S23|S24|S25|S26|S27|S28,-73.65|-73.65|-73.65|-61.1732|5.42817|72.0295|73.65|73.65|-73.65|73.65|-73.65|-73.65|-73.65|-58.2598|8.3416|73.65|73.65|73.65|-50.3935|16.2079|-42.2359|24.3655|-36.409|30.1923|-34.9523|-11.6418|8.33858|31.6491,compression|compression|compression|compression|tension|tension|tension|tension|compression|tension|compression|compression|compression|compression|tension|tension|tension|tension|compression|tension|compression|tension|compression|tension|compression|compression|tension|tension,-3.22342|-2.96908|-1.95175|-0.934417|0.0829151|1.10025|2.11758|2.37191|-3.20116|2.39416|-3.17891|-2.92458|-1.90725|-0.889915|0.127418|1.14475|2.16208|2.41642|-0.769758|0.247574|-0.645151|0.372182|-0.556146|0.461187|-0.533895|-0.177828|0.127371|0.483438,3.22342|2.96908|1.95175|0.934417|-0.0829151|-1.10025|-2.11758|-2.37191|3.20116|-2.39416|3.17891|2.92458|1.90725|0.889915|-0.127418|-1.14475|-2.16208|-2.41642|0.769758|-0.247574|0.645151|-0.372182|0.556146|-0.461187|0.533895|0.177828|-0.127371|-0.483438,,,,
tbeam,3,8.0,strain_mild,A_force_governing_bar_total_legacy,10.324,3.221990292967069,0.6879126023859871,-7.102009707032931,1.0,concrete_controls,2,0,S1|S2|S3|S4|S5|S6|S7|S8|S9|S10|S11|S12|S13|S14|S15|S16|S17|S18|S19|S20|S21|S22|S23|S24|S25|S26|S27|S28,-73.65|-73.65|-73.65|-67.314|-3.48332|60.3473|73.65|73.65|-73.65|73.65|-73.65|-73.65|-73.65|-62.8286|1.00209|64.8328|73.65|73.65|-50.718|13.1127|-38.1588|25.6718|-29.188|34.6426|-26.9453|-4.60458|14.5446|36.8853,compression|compression|compression|compression|compression|tension|tension|tension|compression|tension|compression|compression|compression|compression|tension|tension|tension|tension|compression|tension|compression|tension|compression|tension|compression|compression|tension|tension,-3.22199|-2.97824|-2.00323|-1.02822|-0.0532075|0.921803|1.89681|2.14057|-3.18773|2.17482|-3.15348|-2.90972|-1.93471|-0.959703|0.0153069|0.990317|1.96533|2.20908|-0.774714|0.200296|-0.582874|0.392136|-0.445845|0.529165|-0.411588|-0.0703347|0.222168|0.563422,3.22199|2.97824|2.00323|1.02822|0.0532075|-0.921803|-1.89681|-2.14057|3.18773|-2.17482|3.15348|2.90972|1.93471|0.959703|-0.0153069|-0.990317|-1.96533|-2.20908|0.774714|-0.200296|0.582874|-0.392136|0.445845|-0.529165|0.411588|0.0703347|-0.222168|-0.563422,,,,
tbeam,3,8.0,strain_mild,B_abs_strain_governing_bar_total_legacy,10.324,3.221990292967069,0.6879126023859871,-7.102009707032931,1.0,concrete_controls,2,0,S1|S2|S3|S4|S5|S6|S7|S8|S9|S10|S11|S12|S13|S14|S15|S16|S17|S18|S19|S20|S21|S22|S23|S24|S25|S26|S27|S28,-73.65|-73.65|-73.65|-67.314|-3.48332|60.3473|73.65|73.65|-73.65|73.65|-73.65|-73.65|-73.65|-62.8286|1.00209|64.8328|73.65|73.65|-50.718|13.1127|-38.1588|25.6718|-29.188|34.6426|-26.9453|-4.60458|14.5446|36.8853,compression|compression|compression|compression|compression|tension|tension|tension|compression|tension|compression|compression|compression|compression|tension|tension|tension|tension|compression|tension|compression|tension|compression|tension|compression|compression|tension|tension,-3.22199|-2.97824|-2.00323|-1.02822|-0.0532075|0.921803|1.89681|2.14057|-3.18773|2.17482|-3.15348|-2.90972|-1.93471|-0.959703|0.0153069|0.990317|1.96533|2.20908|-0.774714|0.200296|-0.582874|0.392136|-0.445845|0.529165|-0.411588|-0.0703347|0.222168|0.563422,3.22199|2.97824|2.00323|1.02822|0.0532075|-0.921803|-1.89681|-2.14057|3.18773|-2.17482|3.15348|2.90972|1.93471|0.959703|-0.0153069|-0.990317|-1.96533|-2.20908|0.774714|-0.200296|0.582874|-0.392136|0.445845|-0.529165|0.411588|0.0703347|-0.222168|-0.563422,,,,
tbeam,3,8.0,strain_mild,C_extreme_compression_side_bar_total_legacy,10.324,-2.209079598453655,1.2139751645150771,-12.533079598453655,0.0,concrete_controls,2,0,S1|S2|S3|S4|S5|S6|S7|S8|S9|S10|S11|S12|S13|S14|S15|S16|S17|S18|S19|S20|S21|S22|S23|S24|S25|S26|S27|S28,-73.65|-73.65|-73.65|-67.314|-3.48332|60.3473|73.65|73.65|-73.65|73.65|-73.65|-73.65|-73.65|-62.8286|1.00209|64.8328|73.65|73.65|-50.718|13.1127|-38.1588|25.6718|-29.188|34.6426|-26.9453|-4.60458|14.5446|36.8853,compression|compression|compression|compression|compression|tension|tension|tension|compression|tension|compression|compression|compression|compression|tension|tension|tension|tension|compression|tension|compression|tension|compression|tension|compression|compression|tension|tension,-3.22199|-2.97824|-2.00323|-1.02822|-0.0532075|0.921803|1.89681|2.14057|-3.18773|2.17482|-3.15348|-2.90972|-1.93471|-0.959703|0.0153069|0.990317|1.96533|2.20908|-0.774714|0.200296|-0.582874|0.392136|-0.445845|0.529165|-0.411588|-0.0703347|0.222168|0.563422,3.22199|2.97824|2.00323|1.02822|0.0532075|-0.921803|-1.89681|-2.14057|3.18773|-2.17482|3.15348|2.90972|1.93471|0.959703|-0.0153069|-0.990317|-1.96533|-2.20908|0.774714|-0.200296|0.582874|-0.392136|0.445845|-0.529165|0.411588|0.0703347|-0.222168|-0.563422,,,,
tbeam,3,8.0,strain_mild,D_extreme_tension_side_bar_total_legacy,10.324,3.221990292967069,0.6879126023859871,-7.102009707032931,1.0,concrete_controls,2,0,S1|S2|S3|S4|S5|S6|S7|S8|S9|S10|S11|S12|S13|S14|S15|S16|S17|S18|S19|S20|S21|S22|S23|S24|S25|S26|S27|S28,-73.65|-73.65|-73.65|-67.314|-3.48332|60.3473|73.65|73.65|-73.65|73.65|-73.65|-73.65|-73.65|-62.8286|1.00209|64.8328|73.65|73.65|-50.718|13.1127|-38.1588|25.6718|-29.188|34.6426|-26.9453|-4.60458|14.5446|36.8853,compression|compression|compression|compression|compression|tension|tension|tension|compression|tension|compression|compression|compression|compression|tension|tension|tension|tension|compression|tension|compression|tension|compression|tension|compression|compression|tension|tension,-3.22199|-2.97824|-2.00323|-1.02822|-0.0532075|0.921803|1.89681|2.14057|-3.18773|2.17482|-3.15348|-2.90972|-1.93471|-0.959703|0.0153069|0.990317|1.96533|2.20908|-0.774714|0.200296|-0.582874|0.392136|-0.445845|0.529165|-0.411588|-0.0703347|0.222168|0.563422,3.22199|2.97824|2.00323|1.02822|0.0532075|-0.921803|-1.89681|-2.14057|3.18773|-2.17482|3.15348|2.90972|1.93471|0.959703|-0.0153069|-0.990317|-1.96533|-2.20908|0.774714|-0.200296|0.582874|-0.392136|0.445845|-0.529165|0.411588|0.0703347|-0.222168|-0.563422,,,,
tbeam,3,8.0,strain_mild,E_max_algebraic_legacy_reported,10.324,3.221990292967069,0.6879126023859871,-7.102009707032931,1.0,concrete_controls,2,0,S1|S2|S3|S4|S5|S6|S7|S8|S9|S10|S11|S12|S13|S14|S15|S16|S17|S18|S19|S20|S21|S22|S23|S24|S25|S26|S27|S28,-73.65|-73.65|-73.65|-67.314|-3.48332|60.3473|73.65|73.65|-73.65|73.65|-73.65|-73.65|-73.65|-62.8286|1.00209|64.8328|73.65|73.65|-50.718|13.1127|-38.1588|25.6718|-29.188|34.6426|-26.9453|-4.60458|14.5446|36.8853,compression|compression|compression|compression|compression|tension|tension|tension|compression|tension|compression|compression|compression|compression|tension|tension|tension|tension|compression|tension|compression|tension|compression|tension|compression|compression|tension|tension,-3.22199|-2.97824|-2.00323|-1.02822|-0.0532075|0.921803|1.89681|2.14057|-3.18773|2.17482|-3.15348|-2.90972|-1.93471|-0.959703|0.0153069|0.990317|1.96533|2.20908|-0.774714|0.200296|-0.582874|0.392136|-0.445845|0.529165|-0.411588|-0.0703347|0.222168|0.563422,3.22199|2.97824|2.00323|1.02822|0.0532075|-0.921803|-1.89681|-2.14057|3.18773|-2.17482|3.15348|2.90972|1.93471|0.959703|-0.0153069|-0.990317|-1.96533|-2.20908|0.774714|-0.200296|0.582874|-0.392136|0.445845|-0.529165|0.411588|0.0703347|-0.222168|-0.563422,,,,
tbeam,3,8.0,strain_mild,F_min_algebraic_legacy_reported,10.324,-2.209079598453655,1.2139751645150771,-12.533079598453655,0.0,concrete_controls,2,0,S1|S2|S3|S4|S5|S6|S7|S8|S9|S10|S11|S12|S13|S14|S15|S16|S17|S18|S19|S20|S21|S22|S23|S24|S25|S26|S27|S28,-73.65|-73.65|-73.65|-67.314|-3.48332|60.3473|73.65|73.65|-73.65|73.65|-73.65|-73.65|-73.65|-62.8286|1.00209|64.8328|73.65|73.65|-50.718|13.1127|-38.1588|25.6718|-29.188|34.6426|-26.9453|-4.60458|14.5446|36.8853,compression|compression|compression|compression|compression|tension|tension|tension|compression|tension|compression|compression|compression|compression|tension|tension|tension|tension|compression|tension|compression|tension|compression|tension|compression|compression|tension|tension,-3.22199|-2.97824|-2.00323|-1.02822|-0.0532075|0.921803|1.89681|2.14057|-3.18773|2.17482|-3.15348|-2.90972|-1.93471|-0.959703|0.0153069|0.990317|1.96533|2.20908|-0.774714|0.200296|-0.582874|0.392136|-0.445845|0.529165|-0.411588|-0.0703347|0.222168|0.563422,3.22199|2.97824|2.00323|1.02822|0.0532075|-0.921803|-1.89681|-2.14057|3.18773|-2.17482|3.15348|2.90972|1.93471|0.959703|-0.0153069|-0.990317|-1.96533|-2.20908|0.774714|-0.200296|0.582874|-0.392136|0.445845|-0.529165|0.411588|0.0703347|-0.222168|-0.563422,,,,
tbeam,3,8.0,strain_mild,G_current_solver_reported,10.324,3.221990292967069,0.6879126023859871,-7.102009707032931,1.0,concrete_controls,2,0,S1|S2|S3|S4|S5|S6|S7|S8|S9|S10|S11|S12|S13|S14|S15|S16|S17|S18|S19|S20|S21|S22|S23|S24|S25|S26|S27|S28,-73.65|-73.65|-73.65|-67.314|-3.48332|60.3473|73.65|73.65|-73.65|73.65|-73.65|-73.65|-73.65|-62.8286|1.00209|64.8328|73.65|73.65|-50.718|13.1127|-38.1588|25.6718|-29.188|34.6426|-26.9453|-4.60458|14.5446|36.8853,compression|compression|compression|compression|compression|tension|tension|tension|compression|tension|compression|compression|compression|compression|tension|tension|tension|tension|compression|tension|compression|tension|compression|tension|compression|compression|tension|tension,-3.22199|-2.97824|-2.00323|-1.02822|-0.0532075|0.921803|1.89681|2.14057|-3.18773|2.17482|-3.15348|-2.90972|-1.93471|-0.959703|0.0153069|0.990317|1.96533|2.20908|-0.774714|0.200296|-0.582874|0.392136|-0.445845|0.529165|-0.411588|-0.0703347|0.222168|0.563422,3.22199|2.97824|2.00323|1.02822|0.0532075|-0.921803|-1.89681|-2.14057|3.18773|-2.17482|3.15348|2.90972|1.93471|0.959703|-0.0153069|-0.990317|-1.96533|-2.20908|0.774714|-0.200296|0.582874|-0.392136|0.445845|-0.529165|0.411588|0.0703347|-0.222168|-0.563422,,,,
tbeam,4,5.0,strain_mild,A_force_governing_bar_total_legacy,2.929,3.249741881296184,0.10950559279487333,0.320741881296184,1.0,concrete_controls,2,0,S1|S2|S3|S4|S5|S6|S7|S8|S9|S10|S11|S12|S13|S14|S15|S16|S17|S18|S19|S20|S21|S22|S23|S24|S25|S26|S27|S28,-73.65|-73.65|-73.65|-73.65|-16.8982|43.3638|73.65|73.65|-73.65|73.65|-73.65|-73.65|-73.65|-73.65|-14.2621|45.9999|73.65|73.65|-67.4066|-7.14457|-60.0254|0.236574|-54.7532|5.50882|-53.4351|-32.3434|-14.2648|6.82688,compression|compression|compression|compression|compression|tension|tension|tension|compression|tension|compression|compression|compression|compression|compression|tension|tension|tension|compression|compression|compression|tension|compression|tension|compression|compression|compression|tension,-3.24974|-3.01962|-2.09912|-1.17862|-0.258119|0.66238|1.58288|1.813|-3.22961|1.83314|-3.20948|-2.97935|-2.05885|-1.13835|-0.217853|0.702646|1.62315|1.85327|-1.02963|-0.109133|-0.916886|0.00361366|-0.836352|0.0841469|-0.816219|-0.494044|-0.217895|0.10428,3.24974|3.01962|2.09912|1.17862|0.258119|-0.66238|-1.58288|-1.813|3.22961|-1.83314|3.20948|2.97935|2.05885|1.13835|0.217853|-0.702646|-1.62315|-1.85327|1.02963|0.109133|0.916886|-0.00361366|0.836352|-0.0841469|0.816219|0.494044|0.217895|-0.10428,,,,
tbeam,4,5.0,strain_mild,B_abs_strain_governing_bar_total_legacy,2.929,3.249741881296184,0.10950559279487333,0.320741881296184,1.0,concrete_controls,2,0,S1|S2|S3|S4|S5|S6|S7|S8|S9|S10|S11|S12|S13|S14|S15|S16|S17|S18|S19|S20|S21|S22|S23|S24|S25|S26|S27|S28,-73.65|-73.65|-73.65|-73.65|-16.8982|43.3638|73.65|73.65|-73.65|73.65|-73.65|-73.65|-73.65|-73.65|-14.2621|45.9999|73.65|73.65|-67.4066|-7.14457|-60.0254|0.236574|-54.7532|5.50882|-53.4351|-32.3434|-14.2648|6.82688,compression|compression|compression|compression|compression|tension|tension|tension|compression|tension|compression|compression|compression|compression|compression|tension|tension|tension|compression|compression|compression|tension|compression|tension|compression|compression|compression|tension,-3.24974|-3.01962|-2.09912|-1.17862|-0.258119|0.66238|1.58288|1.813|-3.22961|1.83314|-3.20948|-2.97935|-2.05885|-1.13835|-0.217853|0.702646|1.62315|1.85327|-1.02963|-0.109133|-0.916886|0.00361366|-0.836352|0.0841469|-0.816219|-0.494044|-0.217895|0.10428,3.24974|3.01962|2.09912|1.17862|0.258119|-0.66238|-1.58288|-1.813|3.22961|-1.83314|3.20948|2.97935|2.05885|1.13835|0.217853|-0.702646|-1.62315|-1.85327|1.02963|0.109133|0.916886|-0.00361366|0.836352|-0.0841469|0.816219|0.494044|0.217895|-0.10428,,,,
tbeam,4,5.0,strain_mild,C_extreme_compression_side_bar_total_legacy,2.929,-1.8532704941845368,1.6327314763347685,-4.782270494184536,0.0,concrete_controls,2,0,S1|S2|S3|S4|S5|S6|S7|S8|S9|S10|S11|S12|S13|S14|S15|S16|S17|S18|S19|S20|S21|S22|S23|S24|S25|S26|S27|S28,-73.65|-73.65|-73.65|-73.65|-16.8982|43.3638|73.65|73.65|-73.65|73.65|-73.65|-73.65|-73.65|-73.65|-14.2621|45.9999|73.65|73.65|-67.4066|-7.14457|-60.0254|0.236574|-54.7532|5.50882|-53.4351|-32.3434|-14.2648|6.82688,compression|compression|compression|compression|compression|tension|tension|tension|compression|tension|compression|compression|compression|compression|compression|tension|tension|tension|compression|compression|compression|tension|compression|tension|compression|compression|compression|tension,-3.24974|-3.01962|-2.09912|-1.17862|-0.258119|0.66238|1.58288|1.813|-3.22961|1.83314|-3.20948|-2.97935|-2.05885|-1.13835|-0.217853|0.702646|1.62315|1.85327|-1.02963|-0.109133|-0.916886|0.00361366|-0.836352|0.0841469|-0.816219|-0.494044|-0.217895|0.10428,3.24974|3.01962|2.09912|1.17862|0.258119|-0.66238|-1.58288|-1.813|3.22961|-1.83314|3.20948|2.97935|2.05885|1.13835|0.217853|-0.702646|-1.62315|-1.85327|1.02963|0.109133|0.916886|-0.00361366|0.836352|-0.0841469|0.816219|0.494044|0.217895|-0.10428,,,,
tbeam,4,5.0,strain_mild,D_extreme_tension_side_bar_total_legacy,2.929,3.249741881296184,0.10950559279487333,0.320741881296184,1.0,concrete_controls,2,0,S1|S2|S3|S4|S5|S6|S7|S8|S9|S10|S11|S12|S13|S14|S15|S16|S17|S18|S19|S20|S21|S22|S23|S24|S25|S26|S27|S28,-73.65|-73.65|-73.65|-73.65|-16.8982|43.3638|73.65|73.65|-73.65|73.65|-73.65|-73.65|-73.65|-73.65|-14.2621|45.9999|73.65|73.65|-67.4066|-7.14457|-60.0254|0.236574|-54.7532|5.50882|-53.4351|-32.3434|-14.2648|6.82688,compression|compression|compression|compression|compression|tension|tension|tension|compression|tension|compression|compression|compression|compression|compression|tension|tension|tension|compression|compression|compression|tension|compression|tension|compression|compression|compression|tension,-3.24974|-3.01962|-2.09912|-1.17862|-0.258119|0.66238|1.58288|1.813|-3.22961|1.83314|-3.20948|-2.97935|-2.05885|-1.13835|-0.217853|0.702646|1.62315|1.85327|-1.02963|-0.109133|-0.916886|0.00361366|-0.836352|0.0841469|-0.816219|-0.494044|-0.217895|0.10428,3.24974|3.01962|2.09912|1.17862|0.258119|-0.66238|-1.58288|-1.813|3.22961|-1.83314|3.20948|2.97935|2.05885|1.13835|0.217853|-0.702646|-1.62315|-1.85327|1.02963|0.109133|0.916886|-0.00361366|0.836352|-0.0841469|0.816219|0.494044|0.217895|-0.10428,,,,
tbeam,4,5.0,strain_mild,E_max_algebraic_legacy_reported,2.929,3.249741881296184,0.10950559279487333,0.320741881296184,1.0,concrete_controls,2,0,S1|S2|S3|S4|S5|S6|S7|S8|S9|S10|S11|S12|S13|S14|S15|S16|S17|S18|S19|S20|S21|S22|S23|S24|S25|S26|S27|S28,-73.65|-73.65|-73.65|-73.65|-16.8982|43.3638|73.65|73.65|-73.65|73.65|-73.65|-73.65|-73.65|-73.65|-14.2621|45.9999|73.65|73.65|-67.4066|-7.14457|-60.0254|0.236574|-54.7532|5.50882|-53.4351|-32.3434|-14.2648|6.82688,compression|compression|compression|compression|compression|tension|tension|tension|compression|tension|compression|compression|compression|compression|compression|tension|tension|tension|compression|compression|compression|tension|compression|tension|compression|compression|compression|tension,-3.24974|-3.01962|-2.09912|-1.17862|-0.258119|0.66238|1.58288|1.813|-3.22961|1.83314|-3.20948|-2.97935|-2.05885|-1.13835|-0.217853|0.702646|1.62315|1.85327|-1.02963|-0.109133|-0.916886|0.00361366|-0.836352|0.0841469|-0.816219|-0.494044|-0.217895|0.10428,3.24974|3.01962|2.09912|1.17862|0.258119|-0.66238|-1.58288|-1.813|3.22961|-1.83314|3.20948|2.97935|2.05885|1.13835|0.217853|-0.702646|-1.62315|-1.85327|1.02963|0.109133|0.916886|-0.00361366|0.836352|-0.0841469|0.816219|0.494044|0.217895|-0.10428,,,,
tbeam,4,5.0,strain_mild,F_min_algebraic_legacy_reported,2.929,-1.8532704941845368,1.6327314763347685,-4.782270494184536,0.0,concrete_controls,2,0,S1|S2|S3|S4|S5|S6|S7|S8|S9|S10|S11|S12|S13|S14|S15|S16|S17|S18|S19|S20|S21|S22|S23|S24|S25|S26|S27|S28,-73.65|-73.65|-73.65|-73.65|-16.8982|43.3638|73.65|73.65|-73.65|73.65|-73.65|-73.65|-73.65|-73.65|-14.2621|45.9999|73.65|73.65|-67.4066|-7.14457|-60.0254|0.236574|-54.7532|5.50882|-53.4351|-32.3434|-14.2648|6.82688,compression|compression|compression|compression|compression|tension|tension|tension|compression|tension|compression|compression|compression|compression|compression|tension|tension|tension|compression|compression|compression|tension|compression|tension|compression|compression|compression|tension,-3.24974|-3.01962|-2.09912|-1.17862|-0.258119|0.66238|1.58288|1.813|-3.22961|1.83314|-3.20948|-2.97935|-2.05885|-1.13835|-0.217853|0.702646|1.62315|1.85327|-1.02963|-0.109133|-0.916886|0.00361366|-0.836352|0.0841469|-0.816219|-0.494044|-0.217895|0.10428,3.24974|3.01962|2.09912|1.17862|0.258119|-0.66238|-1.58288|-1.813|3.22961|-1.83314|3.20948|2.97935|2.05885|1.13835|0.217853|-0.702646|-1.62315|-1.85327|1.02963|0.109133|0.916886|-0.00361366|0.836352|-0.0841469|0.816219|0.494044|0.217895|-0.10428,,,,
tbeam,4,5.0,strain_mild,G_current_solver_reported,2.929,3.249741881296184,0.10950559279487333,0.320741881296184,1.0,concrete_controls,2,0,S1|S2|S3|S4|S5|S6|S7|S8|S9|S10|S11|S12|S13|S14|S15|S16|S17|S18|S19|S20|S21|S22|S23|S24|S25|S26|S27|S28,-73.65|-73.65|-73.65|-73.65|-16.8982|43.3638|73.65|73.65|-73.65|73.65|-73.65|-73.65|-73.65|-73.65|-14.2621|45.9999|73.65|73.65|-67.4066|-7.14457|-60.0254|0.236574|-54.7532|5.50882|-53.4351|-32.3434|-14.2648|6.82688,compression|compression|compression|compression|compression|tension|tension|tension|compression|tension|compression|compression|compression|compression|compression|tension|tension|tension|compression|compression|compression|tension|compression|tension|compression|compression|compression|tension,-3.24974|-3.01962|-2.09912|-1.17862|-0.258119|0.66238|1.58288|1.813|-3.22961|1.83314|-3.20948|-2.97935|-2.05885|-1.13835|-0.217853|0.702646|1.62315|1.85327|-1.02963|-0.109133|-0.916886|0.00361366|-0.836352|0.0841469|-0.816219|-0.494044|-0.217895|0.10428,3.24974|3.01962|2.09912|1.17862|0.258119|-0.66238|-1.58288|-1.813|3.22961|-1.83314|3.20948|2.97935|2.05885|1.13835|0.217853|-0.702646|-1.62315|-1.85327|1.02963|0.109133|0.916886|-0.00361366|0.836352|-0.0841469|0.816219|0.494044|0.217895|-0.10428,,,,
tbeam,4,10.0,strain_mild,A_force_governing_bar_total_legacy,9.144,3.247258998160888,0.6448754376464471,-5.896741001839112,1.0,concrete_controls,2,0,S1|S2|S3|S4|S5|S6|S7|S8|S9|S10|S11|S12|S13|S14|S15|S16|S17|S18|S19|S20|S21|S22|S23|S24|S25|S26|S27|S28,-73.65|-73.65|-73.65|-73.65|-29.7304|26.5333|73.65|73.65|-73.65|73.65|-73.65|-73.65|-73.65|-73.65|-24.77|31.4937|73.65|73.65|-67.6405|-11.3769|-53.7514|2.51222|-43.8306|12.433|-41.3504|-21.6582|-4.77906|14.9132,compression|compression|compression|compression|compression|tension|tension|tension|compression|tension|compression|compression|compression|compression|compression|tension|tension|tension|compression|compression|compression|tension|compression|tension|compression|compression|compression|tension,-3.24726|-3.0324|-2.17298|-1.31355|-0.45413|0.405294|1.26472|1.47957|-3.20937|1.51746|-3.17149|-2.95663|-2.09721|-1.23778|-0.37836|0.481064|1.34049|1.55534|-1.03321|-0.173782|-0.82105|0.038374|-0.669511|0.189914|-0.631626|-0.330827|-0.0729999|0.227799,3.24726|3.0324|2.17298|1.31355|0.45413|-0.405294|-1.26472|-1.47957|3.20937|-1.51746|3.17149|2.95663|2.09721|1.23778|0.37836|-0.481064|-1.34049|-1.55534|1.03321|0.173782|0.82105|-0.038374|0.669511|-0.189914|0.631626|0.330827|0.0729999|-0.227799,,,,
tbeam,4,10.0,strain_mild,B_abs_strain_governing_bar_total_legacy,9.144,3.247258998160888,0.6448754376464471,-5.896741001839112,1.0,concrete_controls,2,0,S1|S2|S3|S4|S5|S6|S7|S8|S9|S10|S11|S12|S13|S14|S15|S16|S17|S18|S19|S20|S21|S22|S23|S24|S25|S26|S27|S28,-73.65|-73.65|-73.65|-73.65|-29.7304|26.5333|73.65|73.65|-73.65|73.65|-73.65|-73.65|-73.65|-73.65|-24.77|31.4937|73.65|73.65|-67.6405|-11.3769|-53.7514|2.51222|-43.8306|12.433|-41.3504|-21.6582|-4.77906|14.9132,compression|compression|compression|compression|compression|tension|tension|tension|compression|tension|compression|compression|compression|compression|compression|tension|tension|tension|compression|compression|compression|tension|compression|tension|compression|compression|compression|tension,-3.24726|-3.0324|-2.17298|-1.31355|-0.45413|0.405294|1.26472|1.47957|-3.20937|1.51746|-3.17149|-2.95663|-2.09721|-1.23778|-0.37836|0.481064|1.34049|1.55534|-1.03321|-0.173782|-0.82105|0.038374|-0.669511|0.189914|-0.631626|-0.330827|-0.0729999|0.227799,3.24726|3.0324|2.17298|1.31355|0.45413|-0.405294|-1.26472|-1.47957|3.20937|-1.51746|3.17149|2.95663|2.09721|1.23778|0.37836|-0.481064|-1.34049|-1.55534|1.03321|0.173782|0.82105|-0.038374|0.669511|-0.189914|0.631626|0.330827|0.0729999|-0.227799,,,,
tbeam,4,10.0,strain_mild,C_extreme_compression_side_bar_total_legacy,9.144,-1.5553445709326674,1.1700945506269322,-10.699344570932668,0.0,concrete_controls,2,0,S1|S2|S3|S4|S5|S6|S7|S8|S9|S10|S11|S12|S13|S14|S15|S16|S17|S18|S19|S20|S21|S22|S23|S24|S25|S26|S27|S28,-73.65|-73.65|-73.65|-73.65|-29.7304|26.5333|73.65|73.65|-73.65|73.65|-73.65|-73.65|-73.65|-73.65|-24.77|31.4937|73.65|73.65|-67.6405|-11.3769|-53.7514|2.51222|-43.8306|12.433|-41.3504|-21.6582|-4.77906|14.9132,compression|compression|compression|compression|compression|tension|tension|tension|compression|tension|compression|compression|compression|compression|compression|tension|tension|tension|compression|compression|compression|tension|compression|tension|compression|compression|compression|tension,-3.24726|-3.0324|-2.17298|-1.31355|-0.45413|0.405294|1.26472|1.47957|-3.20937|1.51746|-3.17149|-2.95663|-2.09721|-1.23778|-0.37836|0.481064|1.34049|1.55534|-1.03321|-0.173782|-0.82105|0.038374|-0.669511|0.189914|-0.631626|-0.330827|-0.0729999|0.227799,3.24726|3.0324|2.17298|1.31355|0.45413|-0.405294|-1.26472|-1.47957|3.20937|-1.51746|3.17149|2.95663|2.09721|1.23778|0.37836|-0.481064|-1.34049|-1.55534|1.03321|0.173782|0.82105|-0.038374|0.669511|-0.189914|0.631626|0.330827|0.0729999|-0.227799,,,,
tbeam,4,10.0,strain_mild,D_extreme_tension_side_bar_total_legacy,9.144,3.247258998160888,0.6448754376464471,-5.896741001839112,1.0,concrete_controls,2,0,S1|S2|S3|S4|S5|S6|S7|S8|S9|S10|S11|S12|S13|S14|S15|S16|S17|S18|S19|S20|S21|S22|S23|S24|S25|S26|S27|S28,-73.65|-73.65|-73.65|-73.65|-29.7304|26.5333|73.65|73.65|-73.65|73.65|-73.65|-73.65|-73.65|-73.65|-24.77|31.4937|73.65|73.65|-67.6405|-11.3769|-53.7514|2.51222|-43.8306|12.433|-41.3504|-21.6582|-4.77906|14.9132,compression|compression|compression|compression|compression|tension|tension|tension|compression|tension|compression|compression|compression|compression|compression|tension|tension|tension|compression|compression|compression|tension|compression|tension|compression|compression|compression|tension,-3.24726|-3.0324|-2.17298|-1.31355|-0.45413|0.405294|1.26472|1.47957|-3.20937|1.51746|-3.17149|-2.95663|-2.09721|-1.23778|-0.37836|0.481064|1.34049|1.55534|-1.03321|-0.173782|-0.82105|0.038374|-0.669511|0.189914|-0.631626|-0.330827|-0.0729999|0.227799,3.24726|3.0324|2.17298|1.31355|0.45413|-0.405294|-1.26472|-1.47957|3.20937|-1.51746|3.17149|2.95663|2.09721|1.23778|0.37836|-0.481064|-1.34049|-1.55534|1.03321|0.173782|0.82105|-0.038374|0.669511|-0.189914|0.631626|0.330827|0.0729999|-0.227799,,,,
tbeam,4,10.0,strain_mild,E_max_algebraic_legacy_reported,9.144,3.247258998160888,0.6448754376464471,-5.896741001839112,1.0,concrete_controls,2,0,S1|S2|S3|S4|S5|S6|S7|S8|S9|S10|S11|S12|S13|S14|S15|S16|S17|S18|S19|S20|S21|S22|S23|S24|S25|S26|S27|S28,-73.65|-73.65|-73.65|-73.65|-29.7304|26.5333|73.65|73.65|-73.65|73.65|-73.65|-73.65|-73.65|-73.65|-24.77|31.4937|73.65|73.65|-67.6405|-11.3769|-53.7514|2.51222|-43.8306|12.433|-41.3504|-21.6582|-4.77906|14.9132,compression|compression|compression|compression|compression|tension|tension|tension|compression|tension|compression|compression|compression|compression|compression|tension|tension|tension|compression|compression|compression|tension|compression|tension|compression|compression|compression|tension,-3.24726|-3.0324|-2.17298|-1.31355|-0.45413|0.405294|1.26472|1.47957|-3.20937|1.51746|-3.17149|-2.95663|-2.09721|-1.23778|-0.37836|0.481064|1.34049|1.55534|-1.03321|-0.173782|-0.82105|0.038374|-0.669511|0.189914|-0.631626|-0.330827|-0.0729999|0.227799,3.24726|3.0324|2.17298|1.31355|0.45413|-0.405294|-1.26472|-1.47957|3.20937|-1.51746|3.17149|2.95663|2.09721|1.23778|0.37836|-0.481064|-1.34049|-1.55534|1.03321|0.173782|0.82105|-0.038374|0.669511|-0.189914|0.631626|0.330827|0.0729999|-0.227799,,,,
tbeam,4,10.0,strain_mild,F_min_algebraic_legacy_reported,9.144,-1.5553445709326674,1.1700945506269322,-10.699344570932668,0.0,concrete_controls,2,0,S1|S2|S3|S4|S5|S6|S7|S8|S9|S10|S11|S12|S13|S14|S15|S16|S17|S18|S19|S20|S21|S22|S23|S24|S25|S26|S27|S28,-73.65|-73.65|-73.65|-73.65|-29.7304|26.5333|73.65|73.65|-73.65|73.65|-73.65|-73.65|-73.65|-73.65|-24.77|31.4937|73.65|73.65|-67.6405|-11.3769|-53.7514|2.51222|-43.8306|12.433|-41.3504|-21.6582|-4.77906|14.9132,compression|compression|compression|compression|compression|tension|tension|tension|compression|tension|compression|compression|compression|compression|compression|tension|tension|tension|compression|compression|compression|tension|compression|tension|compression|compression|compression|tension,-3.24726|-3.0324|-2.17298|-1.31355|-0.45413|0.405294|1.26472|1.47957|-3.20937|1.51746|-3.17149|-2.95663|-2.09721|-1.23778|-0.37836|0.481064|1.34049|1.55534|-1.03321|-0.173782|-0.82105|0.038374|-0.669511|0.189914|-0.631626|-0.330827|-0.0729999|0.227799,3.24726|3.0324|2.17298|1.31355|0.45413|-0.405294|-1.26472|-1.47957|3.20937|-1.51746|3.17149|2.95663|2.09721|1.23778|0.37836|-0.481064|-1.34049|-1.55534|1.03321|0.173782|0.82105|-0.038374|0.669511|-0.189914|0.631626|0.330827|0.0729999|-0.227799,,,,
tbeam,4,10.0,strain_mild,G_current_solver_reported,9.144,3.247258998160888,0.6448754376464471,-5.896741001839112,1.0,concrete_controls,2,0,S1|S2|S3|S4|S5|S6|S7|S8|S9|S10|S11|S12|S13|S14|S15|S16|S17|S18|S19|S20|S21|S22|S23|S24|S25|S26|S27|S28,-73.65|-73.65|-73.65|-73.65|-29.7304|26.5333|73.65|73.65|-73.65|73.65|-73.65|-73.65|-73.65|-73.65|-24.77|31.4937|73.65|73.65|-67.6405|-11.3769|-53.7514|2.51222|-43.8306|12.433|-41.3504|-21.6582|-4.77906|14.9132,compression|compression|compression|compression|compression|tension|tension|tension|compression|tension|compression|compression|compression|compression|compression|tension|tension|tension|compression|compression|compression|tension|compression|tension|compression|compression|compression|tension,-3.24726|-3.0324|-2.17298|-1.31355|-0.45413|0.405294|1.26472|1.47957|-3.20937|1.51746|-3.17149|-2.95663|-2.09721|-1.23778|-0.37836|0.481064|1.34049|1.55534|-1.03321|-0.173782|-0.82105|0.038374|-0.669511|0.189914|-0.631626|-0.330827|-0.0729999|0.227799,3.24726|3.0324|2.17298|1.31355|0.45413|-0.405294|-1.26472|-1.47957|3.20937|-1.51746|3.17149|2.95663|2.09721|1.23778|0.37836|-0.481064|-1.34049|-1.55534|1.03321|0.173782|0.82105|-0.038374|0.669511|-0.189914|0.631626|0.330827|0.0729999|-0.227799,,,,
tbeam,4,15.0,strain_mild,A_force_governing_bar_total_legacy,16.551,3.244615749035574,0.8039625551908903,-13.306384250964424,1.0,concrete_controls,2,0,S1|S2|S3|S4|S5|S6|S7|S8|S9|S10|S11|S12|S13|S14|S15|S16|S17|S18|S19|S20|S21|S22|S23|S24|S25|S26|S27|S28,-73.65|-73.65|-73.65|-73.65|-40.9964|11.7475|64.4915|73.65|-73.65|73.65|-73.65|-73.65|-73.65|-73.65|-33.9301|18.8139|71.5578|73.65|-67.5949|-14.8509|-47.8091|4.93485|-33.6764|19.0675|-30.1432|-11.6828|4.14034|22.6007,compression|compression|compression|compression|compression|tension|tension|tension|compression|tension|compression|compression|compression|compression|compression|tension|tension|tension|compression|compression|compression|tension|compression|tension|compression|compression|tension|tension,-3.24462|-3.0432|-2.23754|-1.43188|-0.626218|0.179443|0.985104|1.18652|-3.19065|1.24049|-3.13668|-2.93526|-2.1296|-1.32394|-0.51828|0.287381|1.09304|1.29446|-1.03251|-0.226847|-0.730281|0.0753795|-0.514405|0.291256|-0.460436|-0.178455|0.0632434|0.345225,3.24462|3.0432|2.23754|1.43188|0.626218|-0.179443|-0.985104|-1.18652|3.19065|-1.24049|3.13668|2.93526|2.1296|1.32394|0.51828|-0.287381|-1.09304|-1.29446|1.03251|0.226847|0.730281|-0.0753795|0.514405|-0.291256|0.460436|0.178455|-0.0632434|-0.345225,,,,
tbeam,4,15.0,strain_mild,B_abs_strain_governing_bar_total_legacy,16.551,3.244615749035574,0.8039625551908903,-13.306384250964424,1.0,concrete_controls,2,0,S1|S2|S3|S4|S5|S6|S7|S8|S9|S10|S11|S12|S13|S14|S15|S16|S17|S18|S19|S20|S21|S22|S23|S24|S25|S26|S27|S28,-73.65|-73.65|-73.65|-73.65|-40.9964|11.7475|64.4915|73.65|-73.65|73.65|-73.65|-73.65|-73.65|-73.65|-33.9301|18.8139|71.5578|73.65|-67.5949|-14.8509|-47.8091|4.93485|-33.6764|19.0675|-30.1432|-11.6828|4.14034|22.6007,compression|compression|compression|compression|compression|tension|tension|tension|compression|tension|compression|compression|compression|compression|compression|tension|tension|tension|compression|compression|compression|tension|compression|tension|compression|compression|tension|tension,-3.24462|-3.0432|-2.23754|-1.43188|-0.626218|0.179443|0.985104|1.18652|-3.19065|1.24049|-3.13668|-2.93526|-2.1296|-1.32394|-0.51828|0.287381|1.09304|1.29446|-1.03251|-0.226847|-0.730281|0.0753795|-0.514405|0.291256|-0.460436|-0.178455|0.0632434|0.345225,3.24462|3.0432|2.23754|1.43188|0.626218|-0.179443|-0.985104|-1.18652|3.19065|-1.24049|3.13668|2.93526|2.1296|1.32394|0.51828|-0.287381|-1.09304|-1.29446|1.03251|0.226847|0.730281|-0.0753795|0.514405|-0.291256|0.460436|0.178455|-0.0632434|-0.345225,,,,
tbeam,4,15.0,strain_mild,C_extreme_compression_side_bar_total_legacy,16.551,-1.2944569229485596,1.078210194124135,-17.845456922948557,0.0,concrete_controls,2,0,S1|S2|S3|S4|S5|S6|S7|S8|S9|S10|S11|S12|S13|S14|S15|S16|S17|S18|S19|S20|S21|S22|S23|S24|S25|S26|S27|S28,-73.65|-73.65|-73.65|-73.65|-40.9964|11.7475|64.4915|73.65|-73.65|73.65|-73.65|-73.65|-73.65|-73.65|-33.9301|18.8139|71.5578|73.65|-67.5949|-14.8509|-47.8091|4.93485|-33.6764|19.0675|-30.1432|-11.6828|4.14034|22.6007,compression|compression|compression|compression|compression|tension|tension|tension|compression|tension|compression|compression|compression|compression|compression|tension|tension|tension|compression|compression|compression|tension|compression|tension|compression|compression|tension|tension,-3.24462|-3.0432|-2.23754|-1.43188|-0.626218|0.179443|0.985104|1.18652|-3.19065|1.24049|-3.13668|-2.93526|-2.1296|-1.32394|-0.51828|0.287381|1.09304|1.29446|-1.03251|-0.226847|-0.730281|0.0753795|-0.514405|0.291256|-0.460436|-0.178455|0.0632434|0.345225,3.24462|3.0432|2.23754|1.43188|0.626218|-0.179443|-0.985104|-1.18652|3.19065|-1.24049|3.13668|2.93526|2.1296|1.32394|0.51828|-0.287381|-1.09304|-1.29446|1.03251|0.226847|0.730281|-0.0753795|0.514405|-0.291256|0.460436|0.178455|-0.0632434|-0.345225,,,,
tbeam,4,15.0,strain_mild,D_extreme_tension_side_bar_total_legacy,16.551,3.244615749035574,0.8039625551908903,-13.306384250964424,1.0,concrete_controls,2,0,S1|S2|S3|S4|S5|S6|S7|S8|S9|S10|S11|S12|S13|S14|S15|S16|S17|S18|S19|S20|S21|S22|S23|S24|S25|S26|S27|S28,-73.65|-73.65|-73.65|-73.65|-40.9964|11.7475|64.4915|73.65|-73.65|73.65|-73.65|-73.65|-73.65|-73.65|-33.9301|18.8139|71.5578|73.65|-67.5949|-14.8509|-47.8091|4.93485|-33.6764|19.0675|-30.1432|-11.6828|4.14034|22.6007,compression|compression|compression|compression|compression|tension|tension|tension|compression|tension|compression|compression|compression|compression|compression|tension|tension|tension|compression|compression|compression|tension|compression|tension|compression|compression|tension|tension,-3.24462|-3.0432|-2.23754|-1.43188|-0.626218|0.179443|0.985104|1.18652|-3.19065|1.24049|-3.13668|-2.93526|-2.1296|-1.32394|-0.51828|0.287381|1.09304|1.29446|-1.03251|-0.226847|-0.730281|0.0753795|-0.514405|0.291256|-0.460436|-0.178455|0.0632434|0.345225,3.24462|3.0432|2.23754|1.43188|0.626218|-0.179443|-0.985104|-1.18652|3.19065|-1.24049|3.13668|2.93526|2.1296|1.32394|0.51828|-0.287381|-1.09304|-1.29446|1.03251|0.226847|0.730281|-0.0753795|0.514405|-0.291256|0.460436|0.178455|-0.0632434|-0.345225,,,,
tbeam,4,15.0,strain_mild,E_max_algebraic_legacy_reported,16.551,3.244615749035574,0.8039625551908903,-13.306384250964424,1.0,concrete_controls,2,0,S1|S2|S3|S4|S5|S6|S7|S8|S9|S10|S11|S12|S13|S14|S15|S16|S17|S18|S19|S20|S21|S22|S23|S24|S25|S26|S27|S28,-73.65|-73.65|-73.65|-73.65|-40.9964|11.7475|64.4915|73.65|-73.65|73.65|-73.65|-73.65|-73.65|-73.65|-33.9301|18.8139|71.5578|73.65|-67.5949|-14.8509|-47.8091|4.93485|-33.6764|19.0675|-30.1432|-11.6828|4.14034|22.6007,compression|compression|compression|compression|compression|tension|tension|tension|compression|tension|compression|compression|compression|compression|compression|tension|tension|tension|compression|compression|compression|tension|compression|tension|compression|compression|tension|tension,-3.24462|-3.0432|-2.23754|-1.43188|-0.626218|0.179443|0.985104|1.18652|-3.19065|1.24049|-3.13668|-2.93526|-2.1296|-1.32394|-0.51828|0.287381|1.09304|1.29446|-1.03251|-0.226847|-0.730281|0.0753795|-0.514405|0.291256|-0.460436|-0.178455|0.0632434|0.345225,3.24462|3.0432|2.23754|1.43188|0.626218|-0.179443|-0.985104|-1.18652|3.19065|-1.24049|3.13668|2.93526|2.1296|1.32394|0.51828|-0.287381|-1.09304|-1.29446|1.03251|0.226847|0.730281|-0.0753795|0.514405|-0.291256|0.460436|0.178455|-0.0632434|-0.345225,,,,
tbeam,4,15.0,strain_mild,F_min_algebraic_legacy_reported,16.551,-1.2944569229485596,1.078210194124135,-17.845456922948557,0.0,concrete_controls,2,0,S1|S2|S3|S4|S5|S6|S7|S8|S9|S10|S11|S12|S13|S14|S15|S16|S17|S18|S19|S20|S21|S22|S23|S24|S25|S26|S27|S28,-73.65|-73.65|-73.65|-73.65|-40.9964|11.7475|64.4915|73.65|-73.65|73.65|-73.65|-73.65|-73.65|-73.65|-33.9301|18.8139|71.5578|73.65|-67.5949|-14.8509|-47.8091|4.93485|-33.6764|19.0675|-30.1432|-11.6828|4.14034|22.6007,compression|compression|compression|compression|compression|tension|tension|tension|compression|tension|compression|compression|compression|compression|compression|tension|tension|tension|compression|compression|compression|tension|compression|tension|compression|compression|tension|tension,-3.24462|-3.0432|-2.23754|-1.43188|-0.626218|0.179443|0.985104|1.18652|-3.19065|1.24049|-3.13668|-2.93526|-2.1296|-1.32394|-0.51828|0.287381|1.09304|1.29446|-1.03251|-0.226847|-0.730281|0.0753795|-0.514405|0.291256|-0.460436|-0.178455|0.0632434|0.345225,3.24462|3.0432|2.23754|1.43188|0.626218|-0.179443|-0.985104|-1.18652|3.19065|-1.24049|3.13668|2.93526|2.1296|1.32394|0.51828|-0.287381|-1.09304|-1.29446|1.03251|0.226847|0.730281|-0.0753795|0.514405|-0.291256|0.460436|0.178455|-0.0632434|-0.345225,,,,
tbeam,4,15.0,strain_mild,G_current_solver_reported,16.551,3.244615749035574,0.8039625551908903,-13.306384250964424,1.0,concrete_controls,2,0,S1|S2|S3|S4|S5|S6|S7|S8|S9|S10|S11|S12|S13|S14|S15|S16|S17|S18|S19|S20|S21|S22|S23|S24|S25|S26|S27|S28,-73.65|-73.65|-73.65|-73.65|-40.9964|11.7475|64.4915|73.65|-73.65|73.65|-73.65|-73.65|-73.65|-73.65|-33.9301|18.8139|71.5578|73.65|-67.5949|-14.8509|-47.8091|4.93485|-33.6764|19.0675|-30.1432|-11.6828|4.14034|22.6007,compression|compression|compression|compression|compression|tension|tension|tension|compression|tension|compression|compression|compression|compression|compression|tension|tension|tension|compression|compression|compression|tension|compression|tension|compression|compression|tension|tension,-3.24462|-3.0432|-2.23754|-1.43188|-0.626218|0.179443|0.985104|1.18652|-3.19065|1.24049|-3.13668|-2.93526|-2.1296|-1.32394|-0.51828|0.287381|1.09304|1.29446|-1.03251|-0.226847|-0.730281|0.0753795|-0.514405|0.291256|-0.460436|-0.178455|0.0632434|0.345225,3.24462|3.0432|2.23754|1.43188|0.626218|-0.179443|-0.985104|-1.18652|3.19065|-1.24049|3.13668|2.93526|2.1296|1.32394|0.51828|-0.287381|-1.09304|-1.29446|1.03251|0.226847|0.730281|-0.0753795|0.514405|-0.291256|0.460436|0.178455|-0.0632434|-0.345225,,,,
tbeam,3,2.0,strain_prestressed,A_force_governing_bar_total_legacy,8.553,-3.8639037681723334,1.4517600570761526,-12.416903768172334,0.0,concrete_controls,2,0,P1|P2,519.396|523.43,tension|tension,,,3.83412|3.8639,-3.83412|-3.8639,-0.165879|-0.136096,0.165879|0.136096
tbeam,3,2.0,strain_prestressed,B_abs_strain_governing_bar_total_legacy,8.553,-3.8639037681723334,1.4517600570761526,-12.416903768172334,0.0,concrete_controls,2,0,P1|P2,519.396|523.43,tension|tension,,,3.83412|3.8639,-3.83412|-3.8639,-0.165879|-0.136096,0.165879|0.136096
tbeam,3,2.0,strain_prestressed,C_extreme_compression_side_bar_total_legacy,8.553,-3.8639037681723334,1.4517600570761526,-12.416903768172334,0.0,concrete_controls,2,0,P1|P2,519.396|523.43,tension|tension,,,3.83412|3.8639,-3.83412|-3.8639,-0.165879|-0.136096,0.165879|0.136096
tbeam,3,2.0,strain_prestressed,D_extreme_tension_side_bar_total_legacy,8.553,-3.834121121541917,1.448277928392601,-12.387121121541918,0.0,concrete_controls,2,0,P1|P2,519.396|523.43,tension|tension,,,3.83412|3.8639,-3.83412|-3.8639,-0.165879|-0.136096,0.165879|0.136096
tbeam,3,2.0,strain_prestressed,E_max_algebraic_legacy_reported,8.553,-3.834121121541917,1.448277928392601,-12.387121121541918,0.0,concrete_controls,2,0,P1|P2,519.396|523.43,tension|tension,,,3.83412|3.8639,-3.83412|-3.8639,-0.165879|-0.136096,0.165879|0.136096
tbeam,3,2.0,strain_prestressed,F_min_algebraic_legacy_reported,8.553,-3.8639037681723334,1.4517600570761526,-12.416903768172334,0.0,concrete_controls,2,0,P1|P2,519.396|523.43,tension|tension,,,3.83412|3.8639,-3.83412|-3.8639,-0.165879|-0.136096,0.165879|0.136096
tbeam,3,2.0,strain_prestressed,G2_force_governing_incremental_internal,8.553,-0.13609623182766678,1.0159121047384154,-8.689096231827667,0.0,concrete_controls,2,0,P1|P2,519.396|523.43,tension|tension,,,3.83412|3.8639,-3.83412|-3.8639,-0.165879|-0.136096,0.165879|0.136096
tbeam,3,2.0,strain_prestressed,G_current_solver_reported,8.553,-3.8639037681723334,1.4517600570761526,-12.416903768172334,0.0,concrete_controls,2,0,P1|P2,519.396|523.43,tension|tension,,,3.83412|3.8639,-3.83412|-3.8639,-0.165879|-0.136096,0.165879|0.136096
tbeam,3,5.0,strain_prestressed,A_force_governing_bar_total_legacy,10.612,-3.9480700613844224,1.3720382643596327,-14.560070061384423,0.0,concrete_controls,2,0,P1|P2,525.186|534.832,tension|tension,,,3.87687|3.94807,-3.87687|-3.94807,-0.123134|-0.0519299,0.123134|0.0519299
tbeam,3,5.0,strain_prestressed,B_abs_strain_governing_bar_total_legacy,10.612,-3.9480700613844224,1.3720382643596327,-14.560070061384423,0.0,concrete_controls,2,0,P1|P2,525.186|534.832,tension|tension,,,3.87687|3.94807,-3.87687|-3.94807,-0.123134|-0.0519299,0.123134|0.0519299
tbeam,3,5.0,strain_prestressed,C_extreme_compression_side_bar_total_legacy,10.612,-3.9480700613844224,1.3720382643596327,-14.560070061384423,0.0,concrete_controls,2,0,P1|P2,525.186|534.832,tension|tension,,,3.87687|3.94807,-3.87687|-3.94807,-0.123134|-0.0519299,0.123134|0.0519299
tbeam,3,5.0,strain_prestressed,D_extreme_tension_side_bar_total_legacy,10.612,-3.8768660119109506,1.3653284971646202,-14.48886601191095,0.0,concrete_controls,2,0,P1|P2,525.186|534.832,tension|tension,,,3.87687|3.94807,-3.87687|-3.94807,-0.123134|-0.0519299,0.123134|0.0519299
tbeam,3,5.0,strain_prestressed,E_max_algebraic_legacy_reported,10.612,-3.8768660119109506,1.3653284971646202,-14.48886601191095,0.0,concrete_controls,2,0,P1|P2,525.186|534.832,tension|tension,,,3.87687|3.94807,-3.87687|-3.94807,-0.123134|-0.0519299,0.123134|0.0519299
tbeam,3,5.0,strain_prestressed,F_min_algebraic_legacy_reported,10.612,-3.9480700613844224,1.3720382643596327,-14.560070061384423,0.0,concrete_controls,2,0,P1|P2,525.186|534.832,tension|tension,,,3.87687|3.94807,-3.87687|-3.94807,-0.123134|-0.0519299,0.123134|0.0519299
tbeam,3,5.0,strain_prestressed,G2_force_governing_incremental_internal,10.612,-0.05192993861557729,1.0048935109890291,-10.663929938615578,0.0,concrete_controls,2,0,P1|P2,525.186|534.832,tension|tension,,,3.87687|3.94807,-3.87687|-3.94807,-0.123134|-0.0519299,0.123134|0.0519299
tbeam,3,5.0,strain_prestressed,G_current_solver_reported,10.612,-3.9480700613844224,1.3720382643596327,-14.560070061384423,0.0,concrete_controls,2,0,P1|P2,525.186|534.832,tension|tension,,,3.87687|3.94807,-3.87687|-3.94807,-0.123134|-0.0519299,0.123134|0.0519299
tbeam,3,8.0,strain_prestressed,A_force_governing_bar_total_legacy,12.465,-4.034808146753251,1.323690986502467,-16.499808146753253,0.0,concrete_controls,2,0,P1|P2,531.732|546.582,tension|tension,,,3.92519|4.03481,-3.92519|-4.03481,-0.0748148|0.0348081,0.0748148|-0.0348081
tbeam,3,8.0,strain_prestressed,B_abs_strain_governing_bar_total_legacy,12.465,-4.034808146753251,1.323690986502467,-16.499808146753253,0.0,concrete_controls,2,0,P1|P2,531.732|546.582,tension|tension,,,3.92519|4.03481,-3.92519|-4.03481,-0.0748148|0.0348081,0.0748148|-0.0348081
tbeam,3,8.0,strain_prestressed,C_extreme_compression_side_bar_total_legacy,12.465,-4.034808146753251,1.323690986502467,-16.499808146753253,0.0,concrete_controls,2,0,P1|P2,531.732|546.582,tension|tension,,,3.92519|4.03481,-3.92519|-4.03481,-0.0748148|0.0348081,0.0748148|-0.0348081
tbeam,3,8.0,strain_prestressed,D_extreme_tension_side_bar_total_legacy,12.465,-3.9251851606246517,1.3148965231146932,-16.39018516062465,0.0,concrete_controls,2,0,P1|P2,531.732|546.582,tension|tension,,,3.92519|4.03481,-3.92519|-4.03481,-0.0748148|0.0348081,0.0748148|-0.0348081
tbeam,3,8.0,strain_prestressed,E_max_algebraic_legacy_reported,12.465,-3.9251851606246517,1.3148965231146932,-16.39018516062465,0.0,concrete_controls,2,0,P1|P2,531.732|546.582,tension|tension,,,3.92519|4.03481,-3.92519|-4.03481,-0.0748148|0.0348081,0.0748148|-0.0348081
tbeam,3,8.0,strain_prestressed,F_min_algebraic_legacy_reported,12.465,-4.034808146753251,1.323690986502467,-16.499808146753253,0.0,concrete_controls,2,0,P1|P2,531.732|546.582,tension|tension,,,3.92519|4.03481,-3.92519|-4.03481,-0.0748148|0.0348081,0.0748148|-0.0348081
tbeam,3,8.0,strain_prestressed,G2_force_governing_incremental_internal,12.465,0.034808146753251244,0.9972075293418972,-12.430191853246749,1.0,concrete_controls,2,0,P1|P2,531.732|546.582,tension|tension,,,3.92519|4.03481,-3.92519|-4.03481,-0.0748148|0.0348081,0.0748148|-0.0348081
tbeam,3,8.0,strain_prestressed,G_current_solver_reported,12.465,-4.034808146753251,1.323690986502467,-16.499808146753253,0.0,concrete_controls,2,0,P1|P2,531.732|546.582,tension|tension,,,3.92519|4.03481,-3.92519|-4.03481,-0.0748148|0.0348081,0.0748148|-0.0348081
tbeam,4,5.0,strain_prestressed,A_force_governing_bar_total_legacy,6.998,-3.6198706328867374,1.5172721681747268,-10.617870632886738,0.0,concrete_controls,2,0,P1|P2,481.644|490.372,tension|tension,,,3.55544|3.61987,-3.55544|-3.61987,-0.444556|-0.380129,0.444556|0.380129
tbeam,4,5.0,strain_prestressed,B_abs_strain_governing_bar_total_legacy,6.998,-3.6198706328867374,1.5172721681747268,-10.617870632886738,0.0,concrete_controls,2,0,P1|P2,481.644|490.372,tension|tension,,,3.55544|3.61987,-3.55544|-3.61987,-0.444556|-0.380129,0.444556|0.380129
tbeam,4,5.0,strain_prestressed,C_extreme_compression_side_bar_total_legacy,6.998,-3.6198706328867374,1.5172721681747268,-10.617870632886738,0.0,concrete_controls,2,0,P1|P2,481.644|490.372,tension|tension,,,3.55544|3.61987,-3.55544|-3.61987,-0.444556|-0.380129,0.444556|0.380129
tbeam,4,5.0,strain_prestressed,D_extreme_tension_side_bar_total_legacy,6.998,-3.5554440351262184,1.5080657380860558,-10.553444035126219,0.0,concrete_controls,2,0,P1|P2,481.644|490.372,tension|tension,,,3.55544|3.61987,-3.55544|-3.61987,-0.444556|-0.380129,0.444556|0.380129
tbeam,4,5.0,strain_prestressed,E_max_algebraic_legacy_reported,6.998,-3.5554440351262184,1.5080657380860558,-10.553444035126219,0.0,concrete_controls,2,0,P1|P2,481.644|490.372,tension|tension,,,3.55544|3.61987,-3.55544|-3.61987,-0.444556|-0.380129,0.444556|0.380129
tbeam,4,5.0,strain_prestressed,F_min_algebraic_legacy_reported,6.998,-3.6198706328867374,1.5172721681747268,-10.617870632886738,0.0,concrete_controls,2,0,P1|P2,481.644|490.372,tension|tension,,,3.55544|3.61987,-3.55544|-3.61987,-0.444556|-0.380129,0.444556|0.380129
tbeam,4,5.0,strain_prestressed,G2_force_governing_incremental_internal,6.998,-0.38012936711326295,1.054319715220529,-7.378129367113263,0.0,concrete_controls,2,0,P1|P2,481.644|490.372,tension|tension,,,3.55544|3.61987,-3.55544|-3.61987,-0.444556|-0.380129,0.444556|0.380129
tbeam,4,5.0,strain_prestressed,G_current_solver_reported,6.998,-3.6198706328867374,1.5172721681747268,-10.617870632886738,0.0,concrete_controls,2,0,P1|P2,481.644|490.372,tension|tension,,,3.55544|3.61987,-3.55544|-3.61987,-0.444556|-0.380129,0.444556|0.380129
tbeam,4,10.0,strain_prestressed,A_force_governing_bar_total_legacy,11.161,-3.752624578765755,1.3362265548576073,-14.913624578765754,0.0,concrete_controls,2,0,P1|P2,491.933|508.356,tension|tension,,,3.63139|3.75262,-3.63139|-3.75262,-0.368607|-0.247375,0.368607|0.247375
tbeam,4,10.0,strain_prestressed,B_abs_strain_governing_bar_total_legacy,11.161,-3.752624578765755,1.3362265548576073,-14.913624578765754,0.0,concrete_controls,2,0,P1|P2,491.933|508.356,tension|tension,,,3.63139|3.75262,-3.63139|-3.75262,-0.368607|-0.247375,0.368607|0.247375
tbeam,4,10.0,strain_prestressed,C_extreme_compression_side_bar_total_legacy,11.161,-3.752624578765755,1.3362265548576073,-14.913624578765754,0.0,concrete_controls,2,0,P1|P2,491.933|508.356,tension|tension,,,3.63139|3.75262,-3.63139|-3.75262,-0.368607|-0.247375,0.368607|0.247375
tbeam,4,10.0,strain_prestressed,D_extreme_tension_side_bar_total_legacy,11.161,-3.6313928233470483,1.325364467641524,-14.792392823347047,0.0,concrete_controls,2,0,P1|P2,491.933|508.356,tension|tension,,,3.63139|3.75262,-3.63139|-3.75262,-0.368607|-0.247375,0.368607|0.247375
tbeam,4,10.0,strain_prestressed,E_max_algebraic_legacy_reported,11.161,-3.6313928233470483,1.325364467641524,-14.792392823347047,0.0,concrete_controls,2,0,P1|P2,491.933|508.356,tension|tension,,,3.63139|3.75262,-3.63139|-3.75262,-0.368607|-0.247375,0.368607|0.247375
tbeam,4,10.0,strain_prestressed,F_min_algebraic_legacy_reported,11.161,-3.752624578765755,1.3362265548576073,-14.913624578765754,0.0,concrete_controls,2,0,P1|P2,491.933|508.356,tension|tension,,,3.63139|3.75262,-3.63139|-3.75262,-0.368607|-0.247375,0.368607|0.247375
tbeam,4,10.0,strain_prestressed,G2_force_governing_incremental_internal,11.161,-0.247375421234245,1.0221642703372678,-11.408375421234245,0.0,concrete_controls,2,0,P1|P2,491.933|508.356,tension|tension,,,3.63139|3.75262,-3.63139|-3.75262,-0.368607|-0.247375,0.368607|0.247375
tbeam,4,10.0,strain_prestressed,G_current_solver_reported,11.161,-3.752624578765755,1.3362265548576073,-14.913624578765754,0.0,concrete_controls,2,0,P1|P2,491.933|508.356,tension|tension,,,3.63139|3.75262,-3.63139|-3.75262,-0.368607|-0.247375,0.368607|0.247375
tbeam,4,15.0,strain_prestressed,A_force_governing_bar_total_legacy,16.003,-3.87763145785075,1.2423065336406143,-19.88063145785075,0.0,concrete_controls,2,0,P1|P2,501.895|525.29,tension|tension,,,3.70493|3.87763,-3.70493|-3.87763,-0.295069|-0.122369,0.295069|0.122369
tbeam,4,15.0,strain_prestressed,B_abs_strain_governing_bar_total_legacy,16.003,-3.87763145785075,1.2423065336406143,-19.88063145785075,0.0,concrete_controls,2,0,P1|P2,501.895|525.29,tension|tension,,,3.70493|3.87763,-3.70493|-3.87763,-0.295069|-0.122369,0.295069|0.122369
tbeam,4,15.0,strain_prestressed,C_extreme_compression_side_bar_total_legacy,16.003,-3.87763145785075,1.2423065336406143,-19.88063145785075,0.0,concrete_controls,2,0,P1|P2,501.895|525.29,tension|tension,,,3.70493|3.87763,-3.70493|-3.87763,-0.295069|-0.122369,0.295069|0.122369
tbeam,4,15.0,strain_prestressed,D_extreme_tension_side_bar_total_legacy,16.003,-3.7049305219734316,1.2315147486079754,-19.70793052197343,0.0,concrete_controls,2,0,P1|P2,501.895|525.29,tension|tension,,,3.70493|3.87763,-3.70493|-3.87763,-0.295069|-0.122369,0.295069|0.122369
tbeam,4,15.0,strain_prestressed,E_max_algebraic_legacy_reported,16.003,-3.7049305219734316,1.2315147486079754,-19.70793052197343,0.0,concrete_controls,2,0,P1|P2,501.895|525.29,tension|tension,,,3.70493|3.87763,-3.70493|-3.87763,-0.295069|-0.122369,0.295069|0.122369
tbeam,4,15.0,strain_prestressed,F_min_algebraic_legacy_reported,16.003,-3.87763145785075,1.2423065336406143,-19.88063145785075,0.0,concrete_controls,2,0,P1|P2,501.895|525.29,tension|tension,,,3.70493|3.87763,-3.70493|-3.87763,-0.295069|-0.122369,0.295069|0.122369
tbeam,4,15.0,strain_prestressed,G2_force_governing_incremental_internal,16.003,-0.12236854214925033,1.0076466001468005,-16.12536854214925,0.0,concrete_controls,2,0,P1|P2,501.895|525.29,tension|tension,,,3.70493|3.87763,-3.70493|-3.87763,-0.295069|-0.122369,0.295069|0.122369
tbeam,4,15.0,strain_prestressed,G_current_solver_reported,16.003,-3.87763145785075,1.2423065336406143,-19.88063145785075,0.0,concrete_controls,2,0,P1|P2,501.895|525.29,tension|tension,,,3.70493|3.87763,-3.70493|-3.87763,-0.295069|-0.122369,0.295069|0.122369
